barangay_id,university_id,barangay_name,university_name,distance_km,commute_time_mins,distance_km_mid,economic_constraint,tuition_estimate,annual_transport_cost_php,total_annual_burden_php,affordability_at_tier_1,affordability_at_tier_2,affordability_at_tier_3,affordability_at_tier_4,affordability_at_tier_5
1,1,Alipangpang,University of Eastern Pangasinan,7.31,7.8,15.0,2,25000,6578.999999999999,31579.0,True,True,True,True,True
1,2,Alipangpang,Urdaneta City University,16.68,15.6,25.0,2,25000,15012.000000000002,40012.0,False,True,True,True,True
1,3,Alipangpang,Pangasinan State University - Urdaneta City,14.32,13.0,35.0,1,10000,12887.999999999998,22888.0,True,True,True,True,True
1,4,Alipangpang,Pangasinan State University - Asingan,22.67,22.9,40.0,1,10000,20403.0,30403.0,True,True,True,True,True
1,5,Alipangpang,DMMMSU – South La Union Campus (SLUC),37.29,44.3,75.0,1,10000,33561.0,43561.0,False,False,True,True,True
1,6,Alipangpang,DMMMSU – Mid La Union Campus (MLUC),69.07,88.4,55.0,1,10000,62162.99999999999,72163.0,False,False,False,False,True
1,7,Alipangpang,Benguet State University - La Trinidad,70.82,97.9,95.0,1,10000,63737.99999999999,73738.0,False,False,False,False,True
1,8,Alipangpang,Central Luzon State University,86.87,81.2,85.0,1,10000,78183.0,88183.0,False,False,False,False,True
1,9,Alipangpang,Tarlac State University - Tarlac,76.56,65.5,45.0,1,10000,68904.0,78904.0,False,False,False,False,True
1,10,Alipangpang,Pangasinan State University - Lingayen,57.1,66.1,55.0,1,10000,51390.0,61390.0,False,False,False,False,True
1,11,Alipangpang,Pangasinan State University - Bayambang,45.74,55.4,55.0,1,10000,41166.0,51166.0,False,False,False,True,True
1,12,Alipangpang,Saint Louis University - Baguio,66.52,89.6,55.0,3,60000,59867.99999999999,119868.0,False,False,False,False,False
1,13,Alipangpang,University of the Philippines - Baguio,47.22,57.5,55.0,1,10000,42498.0,52498.0,False,False,False,True,True
1,14,Alipangpang,University of Pangasinan - PHINMA,31.36,44.3,55.0,3,60000,28224.000000000004,88224.0,False,False,False,False,True
1,15,Alipangpang,University of the Philippines - Diliman,197.15,163.6,220.0,1,10000,177435.0,187435.0,False,False,False,False,False
1,16,Alipangpang,University of the Philippines - Manila,198.77,167.2,220.0,1,10000,178893.0,188893.0,False,False,False,False,False
1,17,Alipangpang,Univeristy of the Philippines - Open University,196.57,162.1,220.0,1,10000,176912.99999999997,186912.99999999997,False,False,False,False,False
1,18,Alipangpang,Polytechnic University of the Philippines - Manila,197.66,163.5,220.0,1,10000,177894.0,187894.0,False,False,False,False,False
1,19,Alipangpang,Lyceum-Northwestern University,45.19,47.6,55.0,3,60000,40671.0,100671.0,False,False,False,False,False
1,20,Alipangpang,Pangasinan Polytechnic College,57.36,66.3,85.0,2,25000,51624.0,76624.0,False,False,False,False,True
2,1,Amagbagan,University of Eastern Pangasinan,11.47,14.9,15.0,2,25000,10323.0,35323.0,False,True,True,True,True
2,2,Amagbagan,Urdaneta City University,20.87,22.1,25.0,2,25000,18783.0,43783.0,False,False,True,True,True
2,3,Amagbagan,Pangasinan State University - Urdaneta City,18.51,19.5,35.0,1,10000,16659.000000000004,26659.000000000004,True,True,True,True,True
2,4,Amagbagan,Pangasinan State University - Asingan,26.86,29.4,40.0,1,10000,24174.000000000004,34174.0,True,True,True,True,True
2,5,Amagbagan,DMMMSU – South La Union Campus (SLUC),37.66,46.5,75.0,1,10000,33894.0,43894.0,False,False,True,True,True
2,6,Amagbagan,DMMMSU – Mid La Union Campus (MLUC),69.45,90.7,55.0,1,10000,62505.0,72505.0,False,False,False,False,True
2,7,Amagbagan,Benguet State University - La Trinidad,71.19,100.1,95.0,1,10000,64071.0,74071.0,False,False,False,False,True
2,8,Amagbagan,Central Luzon State University,89.38,86.1,85.0,1,10000,80442.0,90442.0,False,False,False,False,True
2,9,Amagbagan,Tarlac State University - Tarlac,79.06,70.3,45.0,1,10000,71154.0,81154.0,False,False,False,False,True
2,10,Amagbagan,Pangasinan State University - Lingayen,39.22,63.4,55.0,1,10000,35298.0,45298.0,False,False,True,True,True
2,11,Amagbagan,Pangasinan State University - Bayambang,49.93,61.9,55.0,1,10000,44937.0,54937.0,False,False,False,False,True
2,12,Amagbagan,Saint Louis University - Baguio,66.89,91.9,55.0,3,60000,60201.0,120201.0,False,False,False,False,False
2,13,Amagbagan,University of the Philippines - Baguio,47.59,59.7,55.0,1,10000,42831.0,52831.0,False,False,False,True,True
2,14,Amagbagan,University of Pangasinan - PHINMA,22.27,37.2,55.0,3,60000,20043.0,80043.0,False,False,False,False,True
2,15,Amagbagan,University of the Philippines - Diliman,199.65,168.4,220.0,1,10000,179685.0,189685.0,False,False,False,False,False
2,16,Amagbagan,University of the Philippines - Manila,201.28,172.0,220.0,1,10000,181152.0,191152.0,False,False,False,False,False
2,17,Amagbagan,Univeristy of the Philippines - Open University,199.08,166.9,220.0,1,10000,179172.00000000003,189172.00000000003,False,False,False,False,False
2,18,Amagbagan,Polytechnic University of the Philippines - Manila,200.17,168.3,220.0,1,10000,180152.99999999997,190152.99999999997,False,False,False,False,False
2,19,Amagbagan,Lyceum-Northwestern University,24.2,41.4,55.0,3,60000,21780.0,81780.0,False,False,False,False,True
2,20,Amagbagan,Pangasinan Polytechnic College,39.49,63.6,85.0,2,25000,35541.0,60541.0,False,False,False,False,True
3,1,Balacag,University of Eastern Pangasinan,17.56,24.7,15.0,2,25000,15804.0,40804.0,False,False,True,True,True
3,2,Balacag,Urdaneta City University,26.96,30.9,25.0,2,25000,24264.000000000004,49264.0,False,False,False,True,True
3,3,Balacag,Pangasinan State University - Urdaneta City,24.6,28.3,35.0,1,10000,22140.0,32140.0,True,True,True,True,True
3,4,Balacag,Pangasinan State University - Asingan,32.94,38.2,40.0,1,10000,29645.999999999996,39646.0,False,True,True,True,True
3,5,Balacag,DMMMSU – South La Union Campus (SLUC),34.92,47.4,75.0,1,10000,31428.000000000004,41428.0,False,False,True,True,True
3,6,Balacag,DMMMSU – Mid La Union Campus (MLUC),66.71,91.6,55.0,1,10000,60038.99999999999,70039.0,False,False,False,False,True
3,7,Balacag,Benguet State University - La Trinidad,68.69,102.2,95.0,1,10000,61821.0,71821.0,False,False,False,False,True
3,8,Balacag,Central Luzon State University,95.66,93.6,85.0,1,10000,86093.99999999999,96093.99999999999,False,False,False,False,False
3,9,Balacag,Tarlac State University - Tarlac,85.34,77.9,45.0,1,10000,76806.00000000001,86806.00000000001,False,False,False,False,True
3,10,Balacag,Pangasinan State University - Lingayen,39.96,62.2,55.0,1,10000,35964.0,45964.0,False,False,True,True,True
3,11,Balacag,Pangasinan State University - Bayambang,47.09,64.3,55.0,1,10000,42381.0,52381.0,False,False,False,True,True
3,12,Balacag,Saint Louis University - Baguio,64.39,94.0,55.0,3,60000,57951.0,117951.0,False,False,False,False,False
3,13,Balacag,University of the Philippines - Baguio,44.85,60.7,55.0,1,10000,40365.0,50365.0,False,False,False,True,True
3,14,Balacag,University of Pangasinan - PHINMA,23.01,36.0,55.0,3,60000,20709.000000000004,80709.0,False,False,False,False,True
3,15,Balacag,University of the Philippines - Diliman,205.93,176.0,220.0,1,10000,185337.00000000003,195337.00000000003,False,False,False,False,False
3,16,Balacag,University of the Philippines - Manila,207.56,179.6,220.0,1,10000,186804.0,196804.0,False,False,False,False,False
3,17,Balacag,Univeristy of the Philippines - Open University,205.36,174.5,220.0,1,10000,184824.00000000003,194824.00000000003,False,False,False,False,False
3,18,Balacag,Polytechnic University of the Philippines - Manila,206.45,175.9,220.0,1,10000,185805.0,195805.0,False,False,False,False,False
3,19,Balacag,Lyceum-Northwestern University,24.93,40.2,55.0,3,60000,22437.0,82437.0,False,False,False,False,True
3,20,Balacag,Pangasinan Polytechnic College,40.22,62.4,85.0,2,25000,36198.0,61198.0,False,False,False,False,True
4,1,Banding,University of Eastern Pangasinan,8.26,9.2,15.0,2,25000,7433.999999999999,32434.0,True,True,True,True,True
4,2,Banding,Urdaneta City University,17.63,17.0,25.0,2,25000,15866.999999999998,40867.0,False,False,True,True,True
4,3,Banding,Pangasinan State University - Urdaneta City,15.27,14.4,35.0,1,10000,13742.999999999998,23743.0,True,True,True,True,True
4,4,Banding,Pangasinan State University - Asingan,23.62,24.3,40.0,1,10000,21258.0,31258.0,True,True,True,True,True
4,5,Banding,DMMMSU – South La Union Campus (SLUC),37.45,44.7,75.0,1,10000,33705.0,43705.0,False,False,True,True,True
4,6,Banding,DMMMSU – Mid La Union Campus (MLUC),69.23,88.9,55.0,1,10000,62307.00000000001,72307.0,False,False,False,False,True
4,7,Banding,Benguet State University - La Trinidad,70.98,98.3,95.0,1,10000,63882.00000000001,73882.0,False,False,False,False,True
4,8,Banding,Central Luzon State University,87.82,82.6,85.0,1,10000,79038.0,89038.0,False,False,False,False,True
4,9,Banding,Tarlac State University - Tarlac,77.51,66.8,45.0,1,10000,69759.0,79759.0,False,False,False,False,True
4,10,Banding,Pangasinan State University - Lingayen,58.04,67.4,55.0,1,10000,52236.0,62236.0,False,False,False,False,True
4,11,Banding,Pangasinan State University - Bayambang,46.69,56.8,55.0,1,10000,42021.0,52021.0,False,False,False,True,True
4,12,Banding,Saint Louis University - Baguio,66.68,90.1,55.0,3,60000,60012.00000000001,120012.0,False,False,False,False,False
4,13,Banding,University of the Philippines - Baguio,47.37,57.9,55.0,1,10000,42633.0,52633.0,False,False,False,True,True
4,14,Banding,University of Pangasinan - PHINMA,30.41,42.9,55.0,3,60000,27369.000000000004,87369.0,False,False,False,False,True
4,15,Banding,University of the Philippines - Diliman,198.09,164.9,220.0,1,10000,178281.0,188281.0,False,False,False,False,False
4,16,Banding,University of the Philippines - Manila,199.72,168.6,220.0,1,10000,179748.0,189748.0,False,False,False,False,False
4,17,Banding,Univeristy of the Philippines - Open University,197.52,163.5,220.0,1,10000,177768.0,187768.0,False,False,False,False,False
4,18,Banding,Polytechnic University of the Philippines - Manila,198.61,164.9,220.0,1,10000,178749.0,188749.0,False,False,False,False,False
4,19,Banding,Lyceum-Northwestern University,32.34,47.1,55.0,3,60000,29106.000000000004,89106.0,False,False,False,False,True
4,20,Banding,Pangasinan Polytechnic College,58.31,67.7,85.0,2,25000,52479.0,77479.0,False,False,False,False,True
5,1,Bantugan,University of Eastern Pangasinan,13.52,18.7,15.0,2,25000,12167.999999999998,37168.0,False,True,True,True,True
5,2,Bantugan,Urdaneta City University,22.91,25.9,25.0,2,25000,20619.0,45619.0,False,False,True,True,True
5,3,Bantugan,Pangasinan State University - Urdaneta City,20.55,23.3,35.0,1,10000,18495.0,28495.0,True,True,True,True,True
5,4,Bantugan,Pangasinan State University - Asingan,28.9,33.2,40.0,1,10000,26010.0,36010.0,False,True,True,True,True
5,5,Bantugan,DMMMSU – South La Union Campus (SLUC),39.71,50.4,75.0,1,10000,35739.0,45739.0,False,False,True,True,True
5,6,Bantugan,DMMMSU – Mid La Union Campus (MLUC),71.49,94.5,55.0,1,10000,64341.0,74341.0,False,False,False,False,True
5,7,Bantugan,Benguet State University - La Trinidad,73.24,104.0,95.0,1,10000,65916.0,75916.0,False,False,False,False,True
5,8,Bantugan,Central Luzon State University,91.42,89.9,85.0,1,10000,82278.0,92278.0,False,False,False,False,False
5,9,Bantugan,Tarlac State University - Tarlac,81.11,74.1,45.0,1,10000,72999.0,82999.0,False,False,False,False,True
5,10,Bantugan,Pangasinan State University - Lingayen,37.18,59.6,55.0,1,10000,33462.0,43462.0,False,False,True,True,True
5,11,Bantugan,Pangasinan State University - Bayambang,44.31,61.7,55.0,1,10000,39879.0,49879.0,False,False,False,True,True
5,12,Bantugan,Saint Louis University - Baguio,68.94,95.7,55.0,3,60000,62046.0,122046.0,False,False,False,False,False
5,13,Bantugan,University of the Philippines - Baguio,49.63,63.6,55.0,1,10000,44667.0,54667.0,False,False,False,False,True
5,14,Bantugan,University of Pangasinan - PHINMA,20.22,33.4,55.0,3,60000,18198.0,78198.0,False,False,False,False,True
5,15,Bantugan,University of the Philippines - Diliman,201.69,172.2,220.0,1,10000,181521.0,191521.0,False,False,False,False,False
5,16,Bantugan,University of the Philippines - Manila,203.32,175.9,220.0,1,10000,182987.99999999997,192987.99999999997,False,False,False,False,False
5,17,Bantugan,Univeristy of the Philippines - Open University,201.12,170.8,220.0,1,10000,181008.0,191008.0,False,False,False,False,False
5,18,Bantugan,Polytechnic University of the Philippines - Manila,202.21,172.2,220.0,1,10000,181989.0,191989.0,False,False,False,False,False
5,19,Bantugan,Lyceum-Northwestern University,22.15,37.6,55.0,3,60000,19935.0,79935.0,False,False,False,False,True
5,20,Bantugan,Pangasinan Polytechnic College,37.44,59.8,85.0,2,25000,33696.0,58696.0,False,False,False,False,True
6,1,Batakil,University of Eastern Pangasinan,13.73,15.5,15.0,2,25000,12357.000000000002,37357.0,False,True,True,True,True
6,2,Batakil,Urdaneta City University,23.12,21.6,25.0,2,25000,20808.0,45808.0,False,False,True,True,True
6,3,Batakil,Pangasinan State University - Urdaneta City,20.76,19.0,35.0,1,10000,18684.000000000004,28684.000000000004,True,True,True,True,True
6,4,Batakil,Pangasinan State University - Asingan,29.11,28.9,40.0,1,10000,26199.000000000004,36199.0,False,True,True,True,True
6,5,Batakil,DMMMSU – South La Union Campus (SLUC),31.66,38.6,75.0,1,10000,28494.000000000004,38494.0,False,True,True,True,True
6,6,Batakil,DMMMSU – Mid La Union Campus (MLUC),63.44,82.7,55.0,1,10000,57096.0,67096.0,False,False,False,False,True
6,7,Batakil,Benguet State University - La Trinidad,65.42,93.4,95.0,1,10000,58878.00000000001,68878.0,False,False,False,False,True
6,8,Batakil,Central Luzon State University,91.82,84.4,85.0,1,10000,82638.0,92638.0,False,False,False,False,False
6,9,Batakil,Tarlac State University - Tarlac,81.51,68.6,45.0,1,10000,73359.0,83359.0,False,False,False,False,True
6,10,Batakil,Pangasinan State University - Lingayen,43.09,69.7,55.0,1,10000,38781.0,48781.0,False,False,False,True,True
6,11,Batakil,Pangasinan State University - Bayambang,52.18,61.4,55.0,1,10000,46961.99999999999,56961.99999999999,False,False,False,False,True
6,12,Batakil,Saint Louis University - Baguio,61.12,85.1,55.0,3,60000,55007.99999999999,115008.0,False,False,False,False,False
6,13,Batakil,University of the Philippines - Baguio,41.58,51.8,55.0,1,10000,37421.99999999999,47421.99999999999,False,False,False,True,True
6,14,Batakil,University of Pangasinan - PHINMA,26.14,43.5,55.0,3,60000,23525.999999999996,83526.0,False,False,False,False,True
6,15,Batakil,University of the Philippines - Diliman,202.09,166.7,220.0,1,10000,181881.0,191881.0,False,False,False,False,False
6,16,Batakil,University of the Philippines - Manila,203.72,170.4,220.0,1,10000,183348.0,193348.0,False,False,False,False,False
6,17,Batakil,Univeristy of the Philippines - Open University,201.52,165.3,220.0,1,10000,181368.0,191368.0,False,False,False,False,False
6,18,Batakil,Polytechnic University of the Philippines - Manila,202.61,166.7,220.0,1,10000,182349.0,192349.0,False,False,False,False,False
6,19,Batakil,Lyceum-Northwestern University,28.06,47.7,55.0,3,60000,25253.999999999996,85254.0,False,False,False,False,True
6,20,Batakil,Pangasinan Polytechnic College,43.35,69.9,85.0,2,25000,39015.0,64015.0,False,False,False,False,True
7,1,Bobonan,University of Eastern Pangasinan,12.75,14.0,15.0,2,25000,11475.0,36475.0,False,True,True,True,True
7,2,Bobonan,Urdaneta City University,22.14,20.2,25.0,2,25000,19926.0,44926.0,False,False,True,True,True
7,3,Bobonan,Pangasinan State University - Urdaneta City,19.78,17.6,35.0,1,10000,17802.0,27802.0,True,True,True,True,True
7,4,Bobonan,Pangasinan State University - Asingan,28.13,27.5,40.0,1,10000,25317.0,35317.0,False,True,True,True,True
7,5,Bobonan,DMMMSU – South La Union Campus (SLUC),31.92,38.3,75.0,1,10000,28728.000000000004,38728.0,False,True,True,True,True
7,6,Bobonan,DMMMSU – Mid La Union Campus (MLUC),63.7,82.5,55.0,1,10000,57330.0,67330.0,False,False,False,False,True
7,7,Bobonan,Benguet State University - La Trinidad,66.87,93.1,95.0,1,10000,60183.00000000001,70183.0,False,False,False,False,True
7,8,Bobonan,Central Luzon State University,90.84,82.9,85.0,1,10000,81756.00000000001,91756.00000000001,False,False,False,False,False
7,9,Bobonan,Tarlac State University - Tarlac,80.53,67.2,45.0,1,10000,72477.0,82477.0,False,False,False,False,True
7,10,Bobonan,Pangasinan State University - Lingayen,44.39,68.6,55.0,1,10000,39951.0,49951.0,False,False,False,True,True
7,11,Bobonan,Pangasinan State University - Bayambang,51.2,60.0,55.0,1,10000,46080.0,56080.0,False,False,False,False,True
7,12,Bobonan,Saint Louis University - Baguio,62.57,84.8,55.0,3,60000,56313.00000000001,116313.0,False,False,False,False,False
7,13,Bobonan,University of the Philippines - Baguio,41.85,51.6,55.0,1,10000,37665.0,47665.0,False,False,False,True,True
7,14,Bobonan,University of Pangasinan - PHINMA,27.44,42.4,55.0,3,60000,24696.000000000004,84696.0,False,False,False,False,True
7,15,Bobonan,University of the Philippines - Diliman,201.12,165.3,220.0,1,10000,181008.0,191008.0,False,False,False,False,False
7,16,Bobonan,University of the Philippines - Manila,202.74,168.9,220.0,1,10000,182466.0,192466.0,False,False,False,False,False
7,17,Bobonan,Univeristy of the Philippines - Open University,200.55,163.8,220.0,1,10000,180495.0,190495.0,False,False,False,False,False
7,18,Bobonan,Polytechnic University of the Philippines - Manila,201.64,165.2,220.0,1,10000,181476.0,191476.0,False,False,False,False,False
7,19,Bobonan,Lyceum-Northwestern University,29.36,46.6,55.0,3,60000,26424.000000000004,86424.0,False,False,False,False,True
7,20,Bobonan,Pangasinan Polytechnic College,44.65,68.8,85.0,2,25000,40185.0,65185.0,False,False,False,False,True
8,1,Buneg,University of Eastern Pangasinan,8.53,9.9,15.0,2,25000,7677.0,32677.0,True,True,True,True,True
8,2,Buneg,Urdaneta City University,17.9,17.7,25.0,2,25000,16110.0,41110.0,False,False,True,True,True
8,3,Buneg,Pangasinan State University - Urdaneta City,15.54,15.1,35.0,1,10000,13985.999999999998,23986.0,True,True,True,True,True
8,4,Buneg,Pangasinan State University - Asingan,23.89,25.0,40.0,1,10000,21501.0,31501.0,True,True,True,True,True
8,5,Buneg,DMMMSU – South La Union Campus (SLUC),37.89,46.8,75.0,1,10000,34101.0,44101.0,False,False,True,True,True
8,6,Buneg,DMMMSU – Mid La Union Campus (MLUC),69.68,91.0,55.0,1,10000,62712.00000000001,72712.0,False,False,False,False,True
8,7,Buneg,Benguet State University - La Trinidad,71.42,100.4,95.0,1,10000,64278.00000000001,74278.0,False,False,False,False,True
8,8,Buneg,Central Luzon State University,88.09,83.3,85.0,1,10000,79281.00000000001,89281.00000000001,False,False,False,False,True
8,9,Buneg,Tarlac State University - Tarlac,77.78,67.5,45.0,1,10000,70002.0,80002.0,False,False,False,False,True
8,10,Buneg,Pangasinan State University - Lingayen,58.31,68.1,55.0,1,10000,52479.0,62479.0,False,False,False,False,True
8,11,Buneg,Pangasinan State University - Bayambang,46.96,57.5,55.0,1,10000,42264.0,52264.0,False,False,False,True,True
8,12,Buneg,Saint Louis University - Baguio,67.12,92.2,55.0,3,60000,60408.00000000001,120408.0,False,False,False,False,False
8,13,Buneg,University of the Philippines - Baguio,47.82,60.0,55.0,1,10000,43038.0,53038.0,False,False,False,True,True
8,14,Buneg,University of Pangasinan - PHINMA,32.96,46.9,55.0,3,60000,29664.000000000004,89664.0,False,False,False,False,True
8,15,Buneg,University of the Philippines - Diliman,198.36,165.7,220.0,1,10000,178524.0,188524.0,False,False,False,False,False
8,16,Buneg,University of the Philippines - Manila,199.99,169.3,220.0,1,10000,179991.0,189991.0,False,False,False,False,False
8,17,Buneg,Univeristy of the Philippines - Open University,197.79,164.2,220.0,1,10000,178011.0,188011.0,False,False,False,False,False
8,18,Buneg,Polytechnic University of the Philippines - Manila,198.88,165.6,220.0,1,10000,178992.0,188992.0,False,False,False,False,False
8,19,Buneg,Lyceum-Northwestern University,46.4,49.7,55.0,3,60000,41760.0,101760.0,False,False,False,False,False
8,20,Buneg,Pangasinan Polytechnic College,58.58,68.4,85.0,2,25000,52721.99999999999,77722.0,False,False,False,False,True
9,1,Cablong,University of Eastern Pangasinan,9.75,10.9,15.0,2,25000,8775.0,33775.0,True,True,True,True,True
9,2,Cablong,Urdaneta City University,19.12,18.7,25.0,2,25000,17208.0,42208.0,False,False,True,True,True
9,3,Cablong,Pangasinan State University - Urdaneta City,16.76,16.1,35.0,1,10000,15084.000000000002,25084.0,True,True,True,True,True
9,4,Cablong,Pangasinan State University - Asingan,25.11,26.0,40.0,1,10000,22599.0,32599.0,True,True,True,True,True
9,5,Cablong,DMMMSU – South La Union Campus (SLUC),34.85,41.2,75.0,1,10000,31365.0,41365.0,False,False,True,True,True
9,6,Cablong,DMMMSU – Mid La Union Campus (MLUC),66.64,85.4,55.0,1,10000,59976.0,69976.0,False,False,False,False,True
9,7,Cablong,Benguet State University - La Trinidad,68.39,94.8,95.0,1,10000,61551.0,71551.0,False,False,False,False,True
9,8,Cablong,Central Luzon State University,89.31,84.3,85.0,1,10000,80379.0,90379.0,False,False,False,False,True
9,9,Cablong,Tarlac State University - Tarlac,78.99,68.5,45.0,1,10000,71091.0,81091.0,False,False,False,False,True
9,10,Cablong,Pangasinan State University - Lingayen,42.05,68.8,55.0,1,10000,37845.0,47845.0,False,False,False,True,True
9,11,Cablong,Pangasinan State University - Bayambang,48.18,58.5,55.0,1,10000,43362.0,53362.0,False,False,False,True,True
9,12,Cablong,Saint Louis University - Baguio,64.09,86.6,55.0,3,60000,57681.00000000001,117681.0,False,False,False,False,False
9,13,Cablong,University of the Philippines - Baguio,44.78,54.5,55.0,1,10000,40302.0,50302.0,False,False,False,True,True
9,14,Cablong,University of Pangasinan - PHINMA,25.1,42.6,55.0,3,60000,22590.0,82590.0,False,False,False,False,True
9,15,Cablong,University of the Philippines - Diliman,199.58,166.6,220.0,1,10000,179622.00000000003,189622.00000000003,False,False,False,False,False
9,16,Cablong,University of the Philippines - Manila,201.21,170.2,220.0,1,10000,181089.0,191089.0,False,False,False,False,False
9,17,Cablong,Univeristy of the Philippines - Open University,199.01,165.2,220.0,1,10000,179109.0,189109.0,False,False,False,False,False
9,18,Cablong,Polytechnic University of the Philippines - Manila,200.1,166.5,220.0,1,10000,180090.0,190090.0,False,False,False,False,False
9,19,Cablong,Lyceum-Northwestern University,27.02,46.8,55.0,3,60000,24318.0,84318.0,False,False,False,False,True
9,20,Cablong,Pangasinan Polytechnic College,42.31,69.1,85.0,2,25000,38079.0,63079.0,False,False,False,False,True
10,1,Casanfernandoan,University of Eastern Pangasinan,17.07,21.3,15.0,2,25000,15362.999999999998,40363.0,False,True,True,True,True
10,2,Casanfernandoan,Urdaneta City University,27.35,28.5,25.0,2,25000,24615.0,49615.0,False,False,False,True,True
10,3,Casanfernandoan,Pangasinan State University - Urdaneta City,24.99,25.9,35.0,1,10000,22490.999999999996,32490.999999999996,True,True,True,True,True
10,4,Casanfernandoan,Pangasinan State University - Asingan,33.34,35.8,40.0,1,10000,30006.000000000004,40006.0,False,True,True,True,True
10,5,Casanfernandoan,DMMMSU – South La Union Campus (SLUC),38.55,47.8,75.0,1,10000,34695.0,44695.0,False,False,True,True,True
10,6,Casanfernandoan,DMMMSU – Mid La Union Campus (MLUC),70.33,91.9,55.0,1,10000,63296.99999999999,73297.0,False,False,False,False,True
10,7,Casanfernandoan,Benguet State University - La Trinidad,72.08,101.4,95.0,1,10000,64871.99999999999,74872.0,False,False,False,False,True
10,8,Casanfernandoan,Central Luzon State University,96.05,91.2,85.0,1,10000,86445.0,96445.0,False,False,False,False,False
10,9,Casanfernandoan,Tarlac State University - Tarlac,85.74,75.4,45.0,1,10000,77166.0,87166.0,False,False,False,False,True
10,10,Casanfernandoan,Pangasinan State University - Lingayen,37.71,59.0,55.0,1,10000,33939.0,43939.0,False,False,True,True,True
10,11,Casanfernandoan,Pangasinan State University - Bayambang,44.84,61.0,55.0,1,10000,40356.0,50356.0,False,False,False,True,True
10,12,Casanfernandoan,Saint Louis University - Baguio,67.78,93.1,55.0,3,60000,61001.99999999999,121002.0,False,False,False,False,False
10,13,Casanfernandoan,University of the Philippines - Baguio,48.47,61.0,55.0,1,10000,43623.0,53623.0,False,False,False,True,True
10,14,Casanfernandoan,University of Pangasinan - PHINMA,20.76,32.8,55.0,3,60000,18684.000000000004,78684.0,False,False,False,False,True
10,15,Casanfernandoan,University of the Philippines - Diliman,206.32,173.6,220.0,1,10000,185687.99999999997,195687.99999999997,False,False,False,False,False
10,16,Casanfernandoan,University of the Philippines - Manila,207.95,177.2,220.0,1,10000,187155.0,197155.0,False,False,False,False,False
10,17,Casanfernandoan,Univeristy of the Philippines - Open University,205.75,172.1,220.0,1,10000,185175.0,195175.0,False,False,False,False,False
10,18,Casanfernandoan,Polytechnic University of the Philippines - Manila,206.84,173.5,220.0,1,10000,186156.0,196156.0,False,False,False,False,False
10,19,Casanfernandoan,Lyceum-Northwestern University,22.68,37.0,55.0,3,60000,20412.0,80412.0,False,False,False,False,True
10,20,Casanfernandoan,Pangasinan Polytechnic College,37.97,59.2,85.0,2,25000,34173.0,59173.0,False,False,False,False,True
11,1,Castaño,University of Eastern Pangasinan,17.08,23.2,15.0,2,25000,15371.999999999998,40372.0,False,True,True,True,True
11,2,Castaño,Urdaneta City University,27.36,30.4,25.0,2,25000,24624.000000000004,49624.0,False,False,False,True,True
11,3,Castaño,Pangasinan State University - Urdaneta City,25.0,27.8,35.0,1,10000,22500.0,32500.0,True,True,True,True,True
11,4,Castaño,Pangasinan State University - Asingan,33.34,37.7,40.0,1,10000,30006.000000000004,40006.0,False,True,True,True,True
11,5,Castaño,DMMMSU – South La Union Campus (SLUC),38.55,49.7,75.0,1,10000,34695.0,44695.0,False,False,True,True,True
11,6,Castaño,DMMMSU – Mid La Union Campus (MLUC),70.34,93.8,55.0,1,10000,63306.00000000001,73306.0,False,False,False,False,True
11,7,Castaño,Benguet State University - La Trinidad,72.08,103.3,95.0,1,10000,64871.99999999999,74872.0,False,False,False,False,True
11,8,Castaño,Central Luzon State University,96.06,93.1,85.0,1,10000,86454.0,96454.0,False,False,False,False,False
11,9,Castaño,Tarlac State University - Tarlac,85.74,77.3,45.0,1,10000,77166.0,87166.0,False,False,False,False,True
11,10,Castaño,Pangasinan State University - Lingayen,38.09,62.8,55.0,1,10000,34281.0,44281.0,False,False,True,True,True
11,11,Castaño,Pangasinan State University - Bayambang,45.22,64.9,55.0,1,10000,40698.0,50698.0,False,False,False,True,True
11,12,Castaño,Saint Louis University - Baguio,67.78,95.0,55.0,3,60000,61001.99999999999,121002.0,False,False,False,False,False
11,13,Castaño,University of the Philippines - Baguio,48.48,62.9,55.0,1,10000,43631.99999999999,53631.99999999999,False,False,False,True,True
11,14,Castaño,University of Pangasinan - PHINMA,21.14,36.6,55.0,3,60000,19026.0,79026.0,False,False,False,False,True
11,15,Castaño,University of the Philippines - Diliman,206.33,175.5,220.0,1,10000,185697.00000000003,195697.00000000003,False,False,False,False,False
11,16,Castaño,University of the Philippines - Manila,207.95,179.1,220.0,1,10000,187155.0,197155.0,False,False,False,False,False
11,17,Castaño,Univeristy of the Philippines - Open University,205.76,174.0,220.0,1,10000,185184.0,195184.0,False,False,False,False,False
11,18,Castaño,Polytechnic University of the Philippines - Manila,206.85,175.4,220.0,1,10000,186165.0,196165.0,False,False,False,False,False
11,19,Castaño,Lyceum-Northwestern University,23.06,40.8,55.0,3,60000,20754.0,80754.0,False,False,False,False,True
11,20,Castaño,Pangasinan Polytechnic College,38.35,63.0,85.0,2,25000,34515.0,59515.0,False,False,False,False,True
12,1,Dilan,University of Eastern Pangasinan,11.98,15.6,15.0,2,25000,10782.000000000002,35782.0,False,True,True,True,True
12,2,Dilan,Urdaneta City University,20.37,22.1,25.0,2,25000,18333.0,43333.0,False,False,True,True,True
12,3,Dilan,Pangasinan State University - Urdaneta City,18.01,19.5,35.0,1,10000,16209.000000000002,26209.0,True,True,True,True,True
12,4,Dilan,Pangasinan State University - Asingan,26.36,29.4,40.0,1,10000,23724.000000000004,33724.0,True,True,True,True,True
12,5,Dilan,DMMMSU – South La Union Campus (SLUC),40.02,50.9,75.0,1,10000,36018.00000000001,46018.00000000001,False,False,True,True,True
12,6,Dilan,DMMMSU – Mid La Union Campus (MLUC),71.8,95.1,55.0,1,10000,64620.0,74620.0,False,False,False,False,True
12,7,Dilan,Benguet State University - La Trinidad,73.55,104.5,95.0,1,10000,66195.0,76195.0,False,False,False,False,True
12,8,Dilan,Central Luzon State University,88.88,86.1,85.0,1,10000,79992.0,89992.0,False,False,False,False,True
12,9,Dilan,Tarlac State University - Tarlac,78.57,70.3,45.0,1,10000,70713.0,80713.0,False,False,False,False,True
12,10,Dilan,Pangasinan State University - Lingayen,37.76,60.0,55.0,1,10000,33984.0,43984.0,False,False,True,True,True
12,11,Dilan,Pangasinan State University - Bayambang,42.3,61.6,55.0,1,10000,38070.0,48070.0,False,False,False,True,True
12,12,Dilan,Saint Louis University - Baguio,69.25,96.3,55.0,3,60000,62325.0,122325.0,False,False,False,False,False
12,13,Dilan,University of the Philippines - Baguio,49.95,64.2,55.0,1,10000,44955.0,54955.0,False,False,False,False,True
12,14,Dilan,University of Pangasinan - PHINMA,20.8,33.8,55.0,3,60000,18720.0,78720.0,False,False,False,False,True
12,15,Dilan,University of the Philippines - Diliman,199.15,168.4,220.0,1,10000,179235.0,189235.0,False,False,False,False,False
12,16,Dilan,University of the Philippines - Manila,200.78,172.1,220.0,1,10000,180702.0,190702.0,False,False,False,False,False
12,17,Dilan,Univeristy of the Philippines - Open University,198.58,167.0,220.0,1,10000,178722.00000000003,188722.00000000003,False,False,False,False,False
12,18,Dilan,Polytechnic University of the Philippines - Manila,199.67,168.4,220.0,1,10000,179702.99999999997,189702.99999999997,False,False,False,False,False
12,19,Dilan,Lyceum-Northwestern University,22.73,38.0,55.0,3,60000,20457.0,80457.0,False,False,False,False,True
12,20,Dilan,Pangasinan Polytechnic College,38.02,60.2,85.0,2,25000,34218.00000000001,59218.00000000001,False,False,False,False,True
13,1,Don Benito,University of Eastern Pangasinan,16.23,21.6,15.0,2,25000,14607.000000000002,39607.0,False,True,True,True,True
13,2,Don Benito,Urdaneta City University,25.63,27.7,25.0,2,25000,23067.0,48067.0,False,False,False,True,True
13,3,Don Benito,Pangasinan State University - Urdaneta City,23.27,25.1,35.0,1,10000,20943.0,30943.0,True,True,True,True,True
13,4,Don Benito,Pangasinan State University - Asingan,31.62,35.0,40.0,1,10000,28458.0,38458.0,False,True,True,True,True
13,5,Don Benito,DMMMSU – South La Union Campus (SLUC),33.6,44.3,75.0,1,10000,30240.0,40240.0,False,True,True,True,True
13,6,Don Benito,DMMMSU – Mid La Union Campus (MLUC),65.38,88.4,55.0,1,10000,58841.99999999999,68842.0,False,False,False,False,True
13,7,Don Benito,Benguet State University - La Trinidad,67.36,99.1,95.0,1,10000,60624.0,70624.0,False,False,False,False,True
13,8,Don Benito,Central Luzon State University,94.33,90.5,85.0,1,10000,84897.0,94897.0,False,False,False,False,False
13,9,Don Benito,Tarlac State University - Tarlac,84.02,74.7,45.0,1,10000,75618.0,85618.0,False,False,False,False,True
13,10,Don Benito,Pangasinan State University - Lingayen,41.29,65.4,55.0,1,10000,37161.0,47161.0,False,False,False,True,True
13,11,Don Benito,Pangasinan State University - Bayambang,48.42,67.5,55.0,1,10000,43578.00000000001,53578.00000000001,False,False,False,True,True
13,12,Don Benito,Saint Louis University - Baguio,63.06,90.8,55.0,3,60000,56754.0,116754.0,False,False,False,False,False
13,13,Don Benito,University of the Philippines - Baguio,43.52,57.5,55.0,1,10000,39168.00000000001,49168.00000000001,False,False,False,True,True
13,14,Don Benito,University of Pangasinan - PHINMA,24.34,39.2,55.0,3,60000,21906.0,81906.0,False,False,False,False,True
13,15,Don Benito,University of the Philippines - Diliman,204.6,172.8,220.0,1,10000,184140.0,194140.0,False,False,False,False,False
13,16,Don Benito,University of the Philippines - Manila,206.23,176.4,220.0,1,10000,185606.99999999997,195606.99999999997,False,False,False,False,False
13,17,Don Benito,Univeristy of the Philippines - Open University,204.03,171.3,220.0,1,10000,183627.0,193627.0,False,False,False,False,False
13,18,Don Benito,Polytechnic University of the Philippines - Manila,205.12,172.7,220.0,1,10000,184607.99999999997,194607.99999999997,False,False,False,False,False
13,19,Don Benito,Lyceum-Northwestern University,26.27,43.4,55.0,3,60000,23643.0,83643.0,False,False,False,False,True
13,20,Don Benito,Pangasinan Polytechnic College,41.55,65.6,85.0,2,25000,37395.0,62395.0,False,False,False,False,True
14,1,Haway,University of Eastern Pangasinan,16.51,24.7,15.0,2,25000,14859.000000000002,39859.0,False,True,True,True,True
14,2,Haway,Urdaneta City University,24.9,31.3,25.0,2,25000,22410.0,47410.0,False,False,False,True,True
14,3,Haway,Pangasinan State University - Urdaneta City,22.54,28.7,35.0,1,10000,20285.999999999996,30285.999999999996,True,True,True,True,True
14,4,Haway,Pangasinan State University - Asingan,30.89,38.6,40.0,1,10000,27800.999999999996,37801.0,False,True,True,True,True
14,5,Haway,DMMMSU – South La Union Campus (SLUC),40.68,52.3,75.0,1,10000,36612.0,46612.0,False,False,False,True,True
14,6,Haway,DMMMSU – Mid La Union Campus (MLUC),72.46,96.5,55.0,1,10000,65213.99999999999,75214.0,False,False,False,False,True
14,7,Haway,Benguet State University - La Trinidad,74.21,105.9,95.0,1,10000,66788.99999999999,76788.99999999999,False,False,False,False,True
14,8,Haway,Central Luzon State University,93.41,95.3,85.0,1,10000,84068.99999999999,94068.99999999999,False,False,False,False,False
14,9,Haway,Tarlac State University - Tarlac,83.1,79.5,45.0,1,10000,74790.0,84790.0,False,False,False,False,True
14,10,Haway,Pangasinan State University - Lingayen,36.42,59.3,55.0,1,10000,32778.00000000001,42778.00000000001,False,False,True,True,True
14,11,Haway,Pangasinan State University - Bayambang,43.55,61.4,55.0,1,10000,39195.0,49195.0,False,False,False,True,True
14,12,Haway,Saint Louis University - Baguio,69.91,97.7,55.0,3,60000,62918.99999999999,122919.0,False,False,False,False,False
14,13,Haway,University of the Philippines - Baguio,50.61,65.5,55.0,1,10000,45549.0,55549.0,False,False,False,False,True
14,14,Haway,University of Pangasinan - PHINMA,19.47,33.1,55.0,3,60000,17523.0,77523.0,False,False,False,False,True
14,15,Haway,University of the Philippines - Diliman,203.68,177.6,220.0,1,10000,183312.00000000003,193312.00000000003,False,False,False,False,False
14,16,Haway,University of the Philippines - Manila,205.31,181.2,220.0,1,10000,184779.0,194779.0,False,False,False,False,False
14,17,Haway,Univeristy of the Philippines - Open University,203.11,176.1,220.0,1,10000,182799.0,192799.0,False,False,False,False,False
14,18,Haway,Polytechnic University of the Philippines - Manila,204.2,177.5,220.0,1,10000,183780.0,193780.0,False,False,False,False,False
14,19,Haway,Lyceum-Northwestern University,21.39,37.3,55.0,3,60000,19251.0,79251.0,False,False,False,False,True
14,20,Haway,Pangasinan Polytechnic College,36.68,59.6,85.0,2,25000,33012.0,58012.0,False,False,False,False,True
15,1,Imbalbalatong,University of Eastern Pangasinan,9.62,11.5,15.0,2,25000,8657.999999999998,33658.0,True,True,True,True,True
15,2,Imbalbalatong,Urdaneta City University,18.99,19.3,25.0,2,25000,17090.999999999996,42091.0,False,False,True,True,True
15,3,Imbalbalatong,Pangasinan State University - Urdaneta City,16.63,16.7,35.0,1,10000,14966.999999999998,24967.0,True,True,True,True,True
15,4,Imbalbalatong,Pangasinan State University - Asingan,24.97,26.6,40.0,1,10000,22473.0,32473.0,True,True,True,True,True
15,5,Imbalbalatong,DMMMSU – South La Union Campus (SLUC),36.54,43.8,75.0,1,10000,32886.0,42886.0,False,False,True,True,True
15,6,Imbalbalatong,DMMMSU – Mid La Union Campus (MLUC),68.32,87.9,55.0,1,10000,61487.99999999999,71488.0,False,False,False,False,True
15,7,Imbalbalatong,Benguet State University - La Trinidad,70.07,97.3,95.0,1,10000,63062.99999999999,73063.0,False,False,False,False,True
15,8,Imbalbalatong,Central Luzon State University,89.17,84.9,85.0,1,10000,80253.0,90253.0,False,False,False,False,True
15,9,Imbalbalatong,Tarlac State University - Tarlac,78.86,69.1,45.0,1,10000,70974.0,80974.0,False,False,False,False,True
15,10,Imbalbalatong,Pangasinan State University - Lingayen,59.4,69.7,55.0,1,10000,53460.0,63460.0,False,False,False,False,True
15,11,Imbalbalatong,Pangasinan State University - Bayambang,48.05,59.1,55.0,1,10000,43245.0,53245.0,False,False,False,True,True
15,12,Imbalbalatong,Saint Louis University - Baguio,65.77,89.1,55.0,3,60000,59192.99999999999,119193.0,False,False,False,False,False
15,13,Imbalbalatong,University of the Philippines - Baguio,46.47,57.0,55.0,1,10000,41823.0,51823.0,False,False,False,True,True
15,14,Imbalbalatong,University of Pangasinan - PHINMA,26.14,43.9,55.0,3,60000,23525.999999999996,83526.0,False,False,False,False,True
15,15,Imbalbalatong,University of the Philippines - Diliman,199.45,167.2,220.0,1,10000,179505.0,189505.0,False,False,False,False,False
15,16,Imbalbalatong,University of the Philippines - Manila,201.07,170.8,220.0,1,10000,180962.99999999997,190962.99999999997,False,False,False,False,False
15,17,Imbalbalatong,Univeristy of the Philippines - Open University,198.87,165.8,220.0,1,10000,178983.0,188983.0,False,False,False,False,False
15,18,Imbalbalatong,Polytechnic University of the Philippines - Manila,199.97,167.1,220.0,1,10000,179973.0,189973.0,False,False,False,False,False
15,19,Imbalbalatong,Lyceum-Northwestern University,28.06,48.1,55.0,3,60000,25253.999999999996,85254.0,False,False,False,False,True
15,20,Imbalbalatong,Pangasinan Polytechnic College,59.66,69.9,85.0,2,25000,53693.99999999999,78694.0,False,False,False,False,True
16,1,Inoman,University of Eastern Pangasinan,13.86,17.6,15.0,2,25000,12474.0,37474.0,False,True,True,True,True
16,2,Inoman,Urdaneta City University,24.24,24.6,25.0,2,25000,21815.999999999996,46816.0,False,False,False,True,True
16,3,Inoman,Pangasinan State University - Urdaneta City,21.88,22.0,35.0,1,10000,19692.0,29692.0,True,True,True,True,True
16,4,Inoman,Pangasinan State University - Asingan,30.23,31.9,40.0,1,10000,27207.0,37207.0,False,True,True,True,True
16,5,Inoman,DMMMSU – South La Union Campus (SLUC),35.43,44.0,75.0,1,10000,31887.0,41887.0,False,False,True,True,True
16,6,Inoman,DMMMSU – Mid La Union Campus (MLUC),67.22,88.1,55.0,1,10000,60498.00000000001,70498.0,False,False,False,False,True
16,7,Inoman,Benguet State University - La Trinidad,68.97,97.5,95.0,1,10000,62073.00000000001,72073.0,False,False,False,False,True
16,8,Inoman,Central Luzon State University,92.94,87.4,85.0,1,10000,83646.0,93646.0,False,False,False,False,False
16,9,Inoman,Tarlac State University - Tarlac,82.62,71.6,45.0,1,10000,74358.0,84358.0,False,False,False,False,True
16,10,Inoman,Pangasinan State University - Lingayen,45.6,72.1,55.0,1,10000,41040.0,51040.0,False,False,False,True,True
16,11,Inoman,Pangasinan State University - Bayambang,53.3,64.4,55.0,1,10000,47970.0,57970.0,False,False,False,False,True
16,12,Inoman,Saint Louis University - Baguio,64.67,89.3,55.0,3,60000,58203.00000000001,118203.0,False,False,False,False,False
16,13,Inoman,University of the Philippines - Baguio,45.36,57.2,55.0,1,10000,40824.0,50824.0,False,False,False,True,True
16,14,Inoman,University of Pangasinan - PHINMA,28.65,45.9,55.0,3,60000,25785.0,85785.0,False,False,False,False,True
16,15,Inoman,University of the Philippines - Diliman,203.21,169.7,220.0,1,10000,182889.0,192889.0,False,False,False,False,False
16,16,Inoman,University of the Philippines - Manila,204.84,173.3,220.0,1,10000,184356.0,194356.0,False,False,False,False,False
16,17,Inoman,Univeristy of the Philippines - Open University,202.64,168.3,220.0,1,10000,182376.0,192376.0,False,False,False,False,False
16,18,Inoman,Polytechnic University of the Philippines - Manila,203.73,169.6,220.0,1,10000,183357.0,193357.0,False,False,False,False,False
16,19,Inoman,Lyceum-Northwestern University,30.58,50.1,55.0,3,60000,27521.999999999996,87522.0,False,False,False,False,True
16,20,Inoman,Pangasinan Polytechnic College,45.86,72.3,85.0,2,25000,41274.0,66274.0,False,False,False,False,True
17,1,Laoac,University of Eastern Pangasinan,14.1,17.6,15.0,2,25000,12690.0,37690.0,False,True,True,True,True
17,2,Laoac,Urdaneta City University,23.49,23.7,25.0,2,25000,21140.999999999996,46141.0,False,False,True,True,True
17,3,Laoac,Pangasinan State University - Urdaneta City,21.13,21.1,35.0,1,10000,19017.0,29017.0,True,True,True,True,True
17,4,Laoac,Pangasinan State University - Asingan,29.48,31.0,40.0,1,10000,26532.0,36532.0,False,True,True,True,True
17,5,Laoac,DMMMSU – South La Union Campus (SLUC),33.27,41.9,75.0,1,10000,29943.000000000004,39943.0,False,True,True,True,True
17,6,Laoac,DMMMSU – Mid La Union Campus (MLUC),65.05,86.1,55.0,1,10000,58545.0,68545.0,False,False,False,False,True
17,7,Laoac,Benguet State University - La Trinidad,68.22,96.7,95.0,1,10000,61398.00000000001,71398.0,False,False,False,False,True
17,8,Laoac,Central Luzon State University,92.19,86.5,85.0,1,10000,82971.0,92971.0,False,False,False,False,False
17,9,Laoac,Tarlac State University - Tarlac,81.88,70.7,45.0,1,10000,73692.0,83692.0,False,False,False,False,True
17,10,Laoac,Pangasinan State University - Lingayen,42.81,69.1,55.0,1,10000,38529.0,48529.0,False,False,False,True,True
17,11,Laoac,Pangasinan State University - Bayambang,52.55,63.5,55.0,1,10000,47295.0,57295.0,False,False,False,False,True
17,12,Laoac,Saint Louis University - Baguio,63.92,88.4,55.0,3,60000,57528.00000000001,117528.0,False,False,False,False,False
17,13,Laoac,University of the Philippines - Baguio,43.19,55.1,55.0,1,10000,38871.0,48871.0,False,False,False,True,True
17,14,Laoac,University of Pangasinan - PHINMA,25.86,42.9,55.0,3,60000,23274.000000000004,83274.0,False,False,False,False,True
17,15,Laoac,University of the Philippines - Diliman,202.47,168.8,220.0,1,10000,182223.0,192223.0,False,False,False,False,False
17,16,Laoac,University of the Philippines - Manila,204.09,172.4,220.0,1,10000,183681.0,193681.0,False,False,False,False,False
17,17,Laoac,Univeristy of the Philippines - Open University,201.89,167.4,220.0,1,10000,181701.0,191701.0,False,False,False,False,False
17,18,Laoac,Polytechnic University of the Philippines - Manila,202.99,168.7,220.0,1,10000,182691.0,192691.0,False,False,False,False,False
17,19,Laoac,Lyceum-Northwestern University,27.79,47.1,55.0,3,60000,25010.999999999996,85011.0,False,False,False,False,True
17,20,Laoac,Pangasinan Polytechnic College,43.07,69.3,85.0,2,25000,38763.0,63763.0,False,False,False,False,True
18,1,Maambal,University of Eastern Pangasinan,15.24,21.0,15.0,2,25000,13716.0,38716.0,False,True,True,True,True
18,2,Maambal,Urdaneta City University,23.62,27.6,25.0,2,25000,21258.0,46258.0,False,False,True,True,True
18,3,Maambal,Pangasinan State University - Urdaneta City,21.26,25.0,35.0,1,10000,19134.000000000004,29134.000000000004,True,True,True,True,True
18,4,Maambal,Pangasinan State University - Asingan,29.61,34.8,40.0,1,10000,26649.000000000004,36649.0,False,True,True,True,True
18,5,Maambal,DMMMSU – South La Union Campus (SLUC),41.44,53.5,75.0,1,10000,37296.0,47296.0,False,False,False,True,True
18,6,Maambal,DMMMSU – Mid La Union Campus (MLUC),73.22,97.7,55.0,1,10000,65898.0,75898.0,False,False,False,False,True
18,7,Maambal,Benguet State University - La Trinidad,75.91,109.0,95.0,1,10000,68318.99999999999,78318.99999999999,False,False,False,False,True
18,8,Maambal,Central Luzon State University,92.13,91.5,85.0,1,10000,82917.0,92917.0,False,False,False,False,False
18,9,Maambal,Tarlac State University - Tarlac,81.82,75.7,45.0,1,10000,73638.0,83638.0,False,False,False,False,True
18,10,Maambal,Pangasinan State University - Lingayen,34.52,54.7,55.0,1,10000,31068.000000000004,41068.0,False,False,True,True,True
18,11,Maambal,Pangasinan State University - Bayambang,41.65,56.8,55.0,1,10000,37485.0,47485.0,False,False,False,True,True
18,12,Maambal,Saint Louis University - Baguio,71.61,100.7,55.0,3,60000,64449.0,124449.0,False,False,False,False,False
18,13,Maambal,University of the Philippines - Baguio,51.36,66.7,55.0,1,10000,46224.0,56224.0,False,False,False,False,True
18,14,Maambal,University of Pangasinan - PHINMA,17.57,28.5,55.0,3,60000,15812.999999999998,75813.0,False,False,False,False,True
18,15,Maambal,University of the Philippines - Diliman,202.4,173.9,220.0,1,10000,182160.0,192160.0,False,False,False,False,False
18,16,Maambal,University of the Philippines - Manila,204.03,177.5,220.0,1,10000,183627.0,193627.0,False,False,False,False,False
18,17,Maambal,Univeristy of the Philippines - Open University,201.83,172.4,220.0,1,10000,181647.00000000003,191647.00000000003,False,False,False,False,False
18,18,Maambal,Polytechnic University of the Philippines - Manila,202.92,173.8,220.0,1,10000,182627.99999999997,192627.99999999997,False,False,False,False,False
18,19,Maambal,Lyceum-Northwestern University,19.49,32.7,55.0,3,60000,17540.999999999996,77541.0,False,False,False,False,True
18,20,Maambal,Pangasinan Polytechnic College,34.78,54.9,85.0,2,25000,31302.0,56302.0,False,False,False,False,True
19,1,Malasin,University of Eastern Pangasinan,12.38,16.6,15.0,2,25000,11142.000000000002,36142.0,False,True,True,True,True
19,2,Malasin,Urdaneta City University,21.78,23.8,25.0,2,25000,19602.0,44602.0,False,False,True,True,True
19,3,Malasin,Pangasinan State University - Urdaneta City,19.42,21.2,35.0,1,10000,17478.0,27478.0,True,True,True,True,True
19,4,Malasin,Pangasinan State University - Asingan,27.77,31.1,40.0,1,10000,24993.0,34993.0,False,True,True,True,True
19,5,Malasin,DMMMSU – South La Union Campus (SLUC),38.57,48.2,75.0,1,10000,34713.0,44713.0,False,False,True,True,True
19,6,Malasin,DMMMSU – Mid La Union Campus (MLUC),70.36,92.4,55.0,1,10000,63324.0,73324.0,False,False,False,False,True
19,7,Malasin,Benguet State University - La Trinidad,72.1,101.8,95.0,1,10000,64890.0,74890.0,False,False,False,False,True
19,8,Malasin,Central Luzon State University,90.29,87.8,85.0,1,10000,81261.00000000001,91261.00000000001,False,False,False,False,False
19,9,Malasin,Tarlac State University - Tarlac,79.97,72.0,45.0,1,10000,71973.0,81973.0,False,False,False,False,True
19,10,Malasin,Pangasinan State University - Lingayen,38.31,61.7,55.0,1,10000,34479.0,44479.0,False,False,True,True,True
19,11,Malasin,Pangasinan State University - Bayambang,50.84,63.6,55.0,1,10000,45756.0,55756.0,False,False,False,False,True
19,12,Malasin,Saint Louis University - Baguio,67.81,93.6,55.0,3,60000,61029.0,121029.0,False,False,False,False,False
19,13,Malasin,University of the Philippines - Baguio,48.5,61.4,55.0,1,10000,43650.0,53650.0,False,False,False,True,True
19,14,Malasin,University of Pangasinan - PHINMA,21.36,35.5,55.0,3,60000,19224.0,79224.0,False,False,False,False,True
19,15,Malasin,University of the Philippines - Diliman,200.56,170.1,220.0,1,10000,180504.0,190504.0,False,False,False,False,False
19,16,Malasin,University of the Philippines - Manila,202.19,173.7,220.0,1,10000,181971.0,191971.0,False,False,False,False,False
19,17,Malasin,Univeristy of the Philippines - Open University,199.99,168.7,220.0,1,10000,179991.0,189991.0,False,False,False,False,False
19,18,Malasin,Polytechnic University of the Philippines - Manila,201.08,170.0,220.0,1,10000,180972.00000000003,190972.00000000003,False,False,False,False,False
19,19,Malasin,Lyceum-Northwestern University,23.29,39.7,55.0,3,60000,20960.999999999996,80961.0,False,False,False,False,True
19,20,Malasin,Pangasinan Polytechnic College,38.57,61.9,85.0,2,25000,34713.0,59713.0,False,False,False,False,True
20,1,Malokiat,University of Eastern Pangasinan,15.71,19.6,15.0,2,25000,14139.000000000002,39139.0,False,True,True,True,True
20,2,Malokiat,Urdaneta City University,25.98,26.7,25.0,2,25000,23382.0,48382.0,False,False,False,True,True
20,3,Malokiat,Pangasinan State University - Urdaneta City,23.62,24.1,35.0,1,10000,21258.0,31258.0,True,True,True,True,True
20,4,Malokiat,Pangasinan State University - Asingan,31.97,34.0,40.0,1,10000,28773.0,38773.0,False,True,True,True,True
20,5,Malokiat,DMMMSU – South La Union Campus (SLUC),37.18,46.0,75.0,1,10000,33462.0,43462.0,False,False,True,True,True
20,6,Malokiat,DMMMSU – Mid La Union Campus (MLUC),68.96,90.2,55.0,1,10000,62063.99999999999,72064.0,False,False,False,False,True
20,7,Malokiat,Benguet State University - La Trinidad,70.71,99.6,95.0,1,10000,63638.99999999999,73639.0,False,False,False,False,True
20,8,Malokiat,Central Luzon State University,94.68,89.5,85.0,1,10000,85212.0,95212.0,False,False,False,False,False
20,9,Malokiat,Tarlac State University - Tarlac,84.37,73.7,45.0,1,10000,75933.0,85933.0,False,False,False,False,True
20,10,Malokiat,Pangasinan State University - Lingayen,39.86,62.7,55.0,1,10000,35874.0,45874.0,False,False,True,True,True
20,11,Malokiat,Pangasinan State University - Bayambang,46.99,64.8,55.0,1,10000,42291.0,52291.0,False,False,False,True,True
20,12,Malokiat,Saint Louis University - Baguio,66.41,91.4,55.0,3,60000,59768.99999999999,119769.0,False,False,False,False,False
20,13,Malokiat,University of the Philippines - Baguio,47.11,59.3,55.0,1,10000,42399.0,52399.0,False,False,False,True,True
20,14,Malokiat,University of Pangasinan - PHINMA,22.91,36.5,55.0,3,60000,20619.0,80619.0,False,False,False,False,True
20,15,Malokiat,University of the Philippines - Diliman,204.96,171.8,220.0,1,10000,184464.0,194464.0,False,False,False,False,False
20,16,Malokiat,University of the Philippines - Manila,206.58,175.4,220.0,1,10000,185922.00000000003,195922.00000000003,False,False,False,False,False
20,17,Malokiat,Univeristy of the Philippines - Open University,204.38,170.3,220.0,1,10000,183942.0,193942.0,False,False,False,False,False
20,18,Malokiat,Polytechnic University of the Philippines - Manila,205.48,171.7,220.0,1,10000,184931.99999999997,194931.99999999997,False,False,False,False,False
20,19,Malokiat,Lyceum-Northwestern University,24.83,40.7,55.0,3,60000,22347.0,82347.0,False,False,False,False,True
20,20,Malokiat,Pangasinan Polytechnic College,40.12,62.9,85.0,2,25000,36108.0,61108.0,False,False,False,False,True
21,1,Manaol,University of Eastern Pangasinan,12.76,16.3,15.0,2,25000,11484.0,36484.0,False,True,True,True,True
21,2,Manaol,Urdaneta City University,22.13,24.1,25.0,2,25000,19917.0,44917.0,False,False,True,True,True
21,3,Manaol,Pangasinan State University - Urdaneta City,19.77,21.5,35.0,1,10000,17793.0,27793.0,True,True,True,True,True
21,4,Manaol,Pangasinan State University - Asingan,28.12,31.4,40.0,1,10000,25308.0,35308.0,False,True,True,True,True
21,5,Manaol,DMMMSU – South La Union Campus (SLUC),36.18,44.1,75.0,1,10000,32562.0,42562.0,False,False,True,True,True
21,6,Manaol,DMMMSU – Mid La Union Campus (MLUC),67.96,88.2,55.0,1,10000,61163.99999999999,71164.0,False,False,False,False,True
21,7,Manaol,Benguet State University - La Trinidad,69.71,97.7,95.0,1,10000,62738.99999999999,72739.0,False,False,False,False,True
21,8,Manaol,Central Luzon State University,93.68,87.5,85.0,1,10000,84312.0,94312.0,False,False,False,False,False
21,9,Manaol,Tarlac State University - Tarlac,83.37,71.7,45.0,1,10000,75033.0,85033.0,False,False,False,False,True
21,10,Manaol,Pangasinan State University - Lingayen,41.94,65.5,55.0,1,10000,37746.0,47746.0,False,False,False,True,True
21,11,Manaol,Pangasinan State University - Bayambang,51.19,63.9,55.0,1,10000,46071.0,56071.0,False,False,False,False,True
21,12,Manaol,Saint Louis University - Baguio,65.41,89.4,55.0,3,60000,58868.99999999999,118869.0,False,False,False,False,False
21,13,Manaol,University of the Philippines - Baguio,46.11,57.3,55.0,1,10000,41499.0,51499.0,False,False,False,True,True
21,14,Manaol,University of Pangasinan - PHINMA,24.98,39.3,55.0,3,60000,22482.0,82482.0,False,False,False,False,True
21,15,Manaol,University of the Philippines - Diliman,203.96,169.8,220.0,1,10000,183564.0,193564.0,False,False,False,False,False
21,16,Manaol,University of the Philippines - Manila,205.58,173.5,220.0,1,10000,185022.00000000003,195022.00000000003,False,False,False,False,False
21,17,Manaol,Univeristy of the Philippines - Open University,203.38,168.4,220.0,1,10000,183042.0,193042.0,False,False,False,False,False
21,18,Manaol,Polytechnic University of the Philippines - Manila,204.47,169.8,220.0,1,10000,184023.0,194023.0,False,False,False,False,False
21,19,Manaol,Lyceum-Northwestern University,26.91,43.5,55.0,3,60000,24219.000000000004,84219.0,False,False,False,False,True
21,20,Manaol,Pangasinan Polytechnic College,42.2,65.7,85.0,2,25000,37980.0,62980.0,False,False,False,False,True
22,1,Nama,University of Eastern Pangasinan,12.1,15.5,15.0,2,25000,10890.0,35890.0,False,True,True,True,True
22,2,Nama,Urdaneta City University,23.64,22.8,25.0,2,25000,21276.0,46276.0,False,False,True,True,True
22,3,Nama,Pangasinan State University - Urdaneta City,21.28,20.2,35.0,1,10000,19152.0,29152.0,True,True,True,True,True
22,4,Nama,Pangasinan State University - Asingan,29.63,30.1,40.0,1,10000,26667.0,36667.0,False,True,True,True,True
22,5,Nama,DMMMSU – South La Union Campus (SLUC),34.84,42.1,75.0,1,10000,31356.000000000004,41356.0,False,False,True,True,True
22,6,Nama,DMMMSU – Mid La Union Campus (MLUC),66.62,86.2,55.0,1,10000,59958.00000000001,69958.0,False,False,False,False,True
22,7,Nama,Benguet State University - La Trinidad,68.37,95.7,95.0,1,10000,61533.00000000001,71533.0,False,False,False,False,True
22,8,Nama,Central Luzon State University,92.34,85.5,85.0,1,10000,83106.00000000001,93106.00000000001,False,False,False,False,False
22,9,Nama,Tarlac State University - Tarlac,82.03,69.7,45.0,1,10000,73827.0,83827.0,False,False,False,False,True
22,10,Nama,Pangasinan State University - Lingayen,45.01,70.2,55.0,1,10000,40509.0,50509.0,False,False,False,True,True
22,11,Nama,Pangasinan State University - Bayambang,52.7,62.6,55.0,1,10000,47430.0,57430.0,False,False,False,False,True
22,12,Nama,Saint Louis University - Baguio,64.07,87.4,55.0,3,60000,57662.99999999999,117663.0,False,False,False,False,False
22,13,Nama,University of the Philippines - Baguio,44.76,55.3,55.0,1,10000,40284.0,50284.0,False,False,False,True,True
22,14,Nama,University of Pangasinan - PHINMA,28.05,44.0,55.0,3,60000,25245.0,85245.0,False,False,False,False,True
22,15,Nama,University of the Philippines - Diliman,202.61,167.9,220.0,1,10000,182349.0,192349.0,False,False,False,False,False
22,16,Nama,University of the Philippines - Manila,204.24,171.5,220.0,1,10000,183816.0,193816.0,False,False,False,False,False
22,17,Nama,Univeristy of the Philippines - Open University,202.04,166.4,220.0,1,10000,181836.0,191836.0,False,False,False,False,False
22,18,Nama,Polytechnic University of the Philippines - Manila,203.13,167.8,220.0,1,10000,182817.0,192817.0,False,False,False,False,False
22,19,Nama,Lyceum-Northwestern University,29.98,48.2,55.0,3,60000,26982.0,86982.0,False,False,False,False,True
22,20,Nama,Pangasinan Polytechnic College,45.27,70.5,85.0,2,25000,40743.00000000001,65743.0,False,False,False,False,True
23,1,Nantangalan,University of Eastern Pangasinan,14.21,19.1,15.0,2,25000,12789.000000000002,37789.0,False,True,True,True,True
23,2,Nantangalan,Urdaneta City University,22.6,25.6,25.0,2,25000,20340.0,45340.0,False,False,True,True,True
23,3,Nantangalan,Pangasinan State University - Urdaneta City,20.24,23.0,35.0,1,10000,18215.999999999996,28215.999999999996,True,True,True,True,True
23,4,Nantangalan,Pangasinan State University - Asingan,28.58,32.9,40.0,1,10000,25721.999999999996,35722.0,False,True,True,True,True
23,5,Nantangalan,DMMMSU – South La Union Campus (SLUC),41.36,53.5,75.0,1,10000,37224.0,47224.0,False,False,False,True,True
23,6,Nantangalan,DMMMSU – Mid La Union Campus (MLUC),73.14,97.6,55.0,1,10000,65826.0,75826.0,False,False,False,False,True
23,7,Nantangalan,Benguet State University - La Trinidad,74.89,107.1,95.0,1,10000,67401.0,77401.0,False,False,False,False,True
23,8,Nantangalan,Central Luzon State University,91.11,89.6,85.0,1,10000,81999.0,91999.0,False,False,False,False,False
23,9,Nantangalan,Tarlac State University - Tarlac,80.79,73.8,45.0,1,10000,72711.00000000001,82711.00000000001,False,False,False,False,True
23,10,Nantangalan,Pangasinan State University - Lingayen,35.54,56.6,55.0,1,10000,31985.999999999996,41986.0,False,False,True,True,True
23,11,Nantangalan,Pangasinan State University - Bayambang,42.67,58.7,55.0,1,10000,38403.00000000001,48403.00000000001,False,False,False,True,True
23,12,Nantangalan,Saint Louis University - Baguio,70.59,98.8,55.0,3,60000,63531.00000000001,123531.0,False,False,False,False,False
23,13,Nantangalan,University of the Philippines - Baguio,51.28,66.7,55.0,1,10000,46151.99999999999,56151.99999999999,False,False,False,False,True
23,14,Nantangalan,University of Pangasinan - PHINMA,18.58,30.4,55.0,3,60000,16722.0,76722.0,False,False,False,False,True
23,15,Nantangalan,University of the Philippines - Diliman,201.38,171.9,220.0,1,10000,181242.0,191242.0,False,False,False,False,False
23,16,Nantangalan,University of the Philippines - Manila,203.0,175.6,220.0,1,10000,182700.0,192700.0,False,False,False,False,False
23,17,Nantangalan,Univeristy of the Philippines - Open University,200.81,170.5,220.0,1,10000,180729.0,190729.0,False,False,False,False,False
23,18,Nantangalan,Polytechnic University of the Philippines - Manila,201.9,171.9,220.0,1,10000,181710.0,191710.0,False,False,False,False,False
23,19,Nantangalan,Lyceum-Northwestern University,20.51,34.6,55.0,3,60000,18459.000000000004,78459.0,False,False,False,False,True
23,20,Nantangalan,Pangasinan Polytechnic College,35.8,56.8,85.0,2,25000,32220.0,57220.0,False,False,False,False,True
24,1,Palacpalac,University of Eastern Pangasinan,11.18,12.5,15.0,2,25000,10062.0,35062.0,False,True,True,True,True
24,2,Palacpalac,Urdaneta City University,22.22,20.3,25.0,2,25000,19998.0,44998.0,False,False,True,True,True
24,3,Palacpalac,Pangasinan State University - Urdaneta City,19.86,17.7,35.0,1,10000,17874.0,27874.0,True,True,True,True,True
24,4,Palacpalac,Pangasinan State University - Asingan,28.21,27.6,40.0,1,10000,25389.000000000004,35389.0,False,True,True,True,True
24,5,Palacpalac,DMMMSU – South La Union Campus (SLUC),33.42,39.6,75.0,1,10000,30078.000000000004,40078.0,False,True,True,True,True
24,6,Palacpalac,DMMMSU – Mid La Union Campus (MLUC),65.2,83.7,55.0,1,10000,58680.0,68680.0,False,False,False,False,True
24,7,Palacpalac,Benguet State University - La Trinidad,66.95,93.2,95.0,1,10000,60255.0,70255.0,False,False,False,False,True
24,8,Palacpalac,Central Luzon State University,90.92,83.0,85.0,1,10000,81828.0,91828.0,False,False,False,False,False
24,9,Palacpalac,Tarlac State University - Tarlac,80.61,67.2,45.0,1,10000,72549.0,82549.0,False,False,False,False,True
24,10,Palacpalac,Pangasinan State University - Lingayen,43.59,67.7,55.0,1,10000,39231.0,49231.0,False,False,False,True,True
24,11,Palacpalac,Pangasinan State University - Bayambang,51.28,60.1,55.0,1,10000,46151.99999999999,56151.99999999999,False,False,False,False,True
24,12,Palacpalac,Saint Louis University - Baguio,62.65,84.9,55.0,3,60000,56385.0,116385.0,False,False,False,False,False
24,13,Palacpalac,University of the Philippines - Baguio,43.35,52.8,55.0,1,10000,39015.0,49015.0,False,False,False,True,True
24,14,Palacpalac,University of Pangasinan - PHINMA,26.64,41.5,55.0,3,60000,23975.999999999996,83976.0,False,False,False,False,True
24,15,Palacpalac,University of the Philippines - Diliman,201.2,165.4,220.0,1,10000,181080.0,191080.0,False,False,False,False,False
24,16,Palacpalac,University of the Philippines - Manila,202.82,169.0,220.0,1,10000,182537.99999999997,192537.99999999997,False,False,False,False,False
24,17,Palacpalac,Univeristy of the Philippines - Open University,200.62,163.9,220.0,1,10000,180558.0,190558.0,False,False,False,False,False
24,18,Palacpalac,Polytechnic University of the Philippines - Manila,201.72,165.3,220.0,1,10000,181548.0,191548.0,False,False,False,False,False
24,19,Palacpalac,Lyceum-Northwestern University,28.56,45.7,55.0,3,60000,25703.999999999996,85704.0,False,False,False,False,True
24,20,Palacpalac,Pangasinan Polytechnic College,43.85,68.0,85.0,2,25000,39465.0,64465.0,False,False,False,False,True
25,1,Palguyod,University of Eastern Pangasinan,12.95,15.0,15.0,2,25000,11655.0,36655.0,False,True,True,True,True
25,2,Palguyod,Urdaneta City University,23.22,22.2,25.0,2,25000,20898.0,45898.0,False,False,True,True,True
25,3,Palguyod,Pangasinan State University - Urdaneta City,20.86,19.6,35.0,1,10000,18774.0,28774.0,True,True,True,True,True
25,4,Palguyod,Pangasinan State University - Asingan,29.21,29.5,40.0,1,10000,26289.000000000004,36289.0,False,True,True,True,True
25,5,Palguyod,DMMMSU – South La Union Campus (SLUC),34.42,41.5,75.0,1,10000,30978.000000000004,40978.0,False,False,True,True,True
25,6,Palguyod,DMMMSU – Mid La Union Campus (MLUC),66.2,85.7,55.0,1,10000,59580.0,69580.0,False,False,False,False,True
25,7,Palguyod,Benguet State University - La Trinidad,67.95,95.1,95.0,1,10000,61155.0,71155.0,False,False,False,False,True
25,8,Palguyod,Central Luzon State University,91.92,84.9,85.0,1,10000,82728.0,92728.0,False,False,False,False,False
25,9,Palguyod,Tarlac State University - Tarlac,81.61,69.2,45.0,1,10000,73449.0,83449.0,False,False,False,False,True
25,10,Palguyod,Pangasinan State University - Lingayen,41.83,65.3,55.0,1,10000,37646.99999999999,47646.99999999999,False,False,False,True,True
25,11,Palguyod,Pangasinan State University - Bayambang,52.28,62.0,55.0,1,10000,47051.99999999999,57051.99999999999,False,False,False,False,True
25,12,Palguyod,Saint Louis University - Baguio,63.65,86.9,55.0,3,60000,57285.0,117285.0,False,False,False,False,False
25,13,Palguyod,University of the Philippines - Baguio,44.35,54.7,55.0,1,10000,39915.0,49915.0,False,False,False,True,True
25,14,Palguyod,University of Pangasinan - PHINMA,24.87,39.1,55.0,3,60000,22383.0,82383.0,False,False,False,False,True
25,15,Palguyod,University of the Philippines - Diliman,202.2,167.3,220.0,1,10000,181980.0,191980.0,False,False,False,False,False
25,16,Palguyod,University of the Philippines - Manila,203.82,170.9,220.0,1,10000,183437.99999999997,193437.99999999997,False,False,False,False,False
25,17,Palguyod,Univeristy of the Philippines - Open University,201.63,165.8,220.0,1,10000,181467.0,191467.0,False,False,False,False,False
25,18,Palguyod,Polytechnic University of the Philippines - Manila,202.72,167.2,220.0,1,10000,182448.0,192448.0,False,False,False,False,False
25,19,Palguyod,Lyceum-Northwestern University,26.8,43.3,55.0,3,60000,24120.0,84120.0,False,False,False,False,True
25,20,Palguyod,Pangasinan Polytechnic College,42.09,65.5,85.0,2,25000,37881.0,62881.0,False,False,False,False,True
26,1,Poblacion I,University of Eastern Pangasinan,9.83,11.4,15.0,2,25000,8847.0,33847.0,True,True,True,True,True
26,2,Poblacion I,Urdaneta City University,19.2,19.2,25.0,2,25000,17280.0,42280.0,False,False,True,True,True
26,3,Poblacion I,Pangasinan State University - Urdaneta City,16.84,16.6,35.0,1,10000,15156.0,25156.0,True,True,True,True,True
26,4,Poblacion I,Pangasinan State University - Asingan,25.19,26.5,40.0,1,10000,22671.0,32671.0,True,True,True,True,True
26,5,Poblacion I,DMMMSU – South La Union Campus (SLUC),35.63,42.7,75.0,1,10000,32067.0,42067.0,False,False,True,True,True
26,6,Poblacion I,DMMMSU – Mid La Union Campus (MLUC),67.41,86.9,55.0,1,10000,60668.99999999999,70669.0,False,False,False,False,True
26,7,Poblacion I,Benguet State University - La Trinidad,69.16,96.3,95.0,1,10000,62243.99999999999,72244.0,False,False,False,False,True
26,8,Poblacion I,Central Luzon State University,89.38,84.8,85.0,1,10000,80442.0,90442.0,False,False,False,False,True
26,9,Poblacion I,Tarlac State University - Tarlac,79.07,69.0,45.0,1,10000,71163.0,81163.0,False,False,False,False,True
26,10,Poblacion I,Pangasinan State University - Lingayen,41.59,67.8,55.0,1,10000,37431.0,47431.0,False,False,False,True,True
26,11,Poblacion I,Pangasinan State University - Bayambang,48.26,59.0,55.0,1,10000,43434.0,53434.0,False,False,False,True,True
26,12,Poblacion I,Saint Louis University - Baguio,64.86,88.1,55.0,3,60000,58374.0,118374.0,False,False,False,False,False
26,13,Poblacion I,University of the Philippines - Baguio,45.56,55.9,55.0,1,10000,41004.0,51004.0,False,False,False,True,True
26,14,Poblacion I,University of Pangasinan - PHINMA,24.63,41.6,55.0,3,60000,22167.0,82167.0,False,False,False,False,True
26,15,Poblacion I,University of the Philippines - Diliman,199.66,167.1,220.0,1,10000,179694.0,189694.0,False,False,False,False,False
26,16,Poblacion I,University of the Philippines - Manila,201.28,170.7,220.0,1,10000,181152.0,191152.0,False,False,False,False,False
26,17,Poblacion I,Univeristy of the Philippines - Open University,199.09,165.7,220.0,1,10000,179181.0,189181.0,False,False,False,False,False
26,18,Poblacion I,Polytechnic University of the Philippines - Manila,200.18,167.0,220.0,1,10000,180162.00000000003,190162.00000000003,False,False,False,False,False
26,19,Poblacion I,Lyceum-Northwestern University,26.56,45.8,55.0,3,60000,23903.999999999996,83904.0,False,False,False,False,True
26,20,Poblacion I,Pangasinan Polytechnic College,41.85,68.0,85.0,2,25000,37665.0,62665.0,False,False,False,False,True
27,1,Poblacion II,University of Eastern Pangasinan,9.79,11.7,15.0,2,25000,8811.0,33811.0,True,True,True,True,True
27,2,Poblacion II,Urdaneta City University,19.16,19.5,25.0,2,25000,17244.0,42244.0,False,False,True,True,True
27,3,Poblacion II,Pangasinan State University - Urdaneta City,16.8,16.9,35.0,1,10000,15120.0,25120.0,True,True,True,True,True
27,4,Poblacion II,Pangasinan State University - Asingan,25.15,26.8,40.0,1,10000,22635.0,32635.0,True,True,True,True,True
27,5,Poblacion II,DMMMSU – South La Union Campus (SLUC),35.95,43.3,75.0,1,10000,32355.0,42355.0,False,False,True,True,True
27,6,Poblacion II,DMMMSU – Mid La Union Campus (MLUC),67.74,87.5,55.0,1,10000,60966.0,70966.0,False,False,False,False,True
27,7,Poblacion II,Benguet State University - La Trinidad,69.48,96.9,95.0,1,10000,62532.00000000001,72532.0,False,False,False,False,True
27,8,Poblacion II,Central Luzon State University,89.35,85.1,85.0,1,10000,80415.0,90415.0,False,False,False,False,True
27,9,Poblacion II,Tarlac State University - Tarlac,79.04,69.3,45.0,1,10000,71136.00000000001,81136.00000000001,False,False,False,False,True
27,10,Poblacion II,Pangasinan State University - Lingayen,41.2,67.2,55.0,1,10000,37080.0,47080.0,False,False,False,True,True
27,11,Poblacion II,Pangasinan State University - Bayambang,48.22,59.3,55.0,1,10000,43398.0,53398.0,False,False,False,True,True
27,12,Poblacion II,Saint Louis University - Baguio,65.18,88.7,55.0,3,60000,58662.00000000001,118662.0,False,False,False,False,False
27,13,Poblacion II,University of the Philippines - Baguio,45.88,56.5,55.0,1,10000,41292.0,51292.0,False,False,False,True,True
27,14,Poblacion II,University of Pangasinan - PHINMA,24.25,41.0,55.0,3,60000,21825.0,81825.0,False,False,False,False,True
27,15,Poblacion II,University of the Philippines - Diliman,199.62,167.4,220.0,1,10000,179658.0,189658.0,False,False,False,False,False
27,16,Poblacion II,University of the Philippines - Manila,201.25,171.0,220.0,1,10000,181125.0,191125.0,False,False,False,False,False
27,17,Poblacion II,Univeristy of the Philippines - Open University,199.05,166.0,220.0,1,10000,179145.0,189145.0,False,False,False,False,False
27,18,Poblacion II,Polytechnic University of the Philippines - Manila,200.14,167.3,220.0,1,10000,180126.0,190126.0,False,False,False,False,False
27,19,Poblacion II,Lyceum-Northwestern University,26.17,45.2,55.0,3,60000,23553.000000000004,83553.0,False,False,False,False,True
27,20,Poblacion II,Pangasinan Polytechnic College,41.46,67.4,85.0,2,25000,37314.0,62314.0,False,False,False,False,True
28,1,Poblacion III,University of Eastern Pangasinan,9.56,10.8,15.0,2,25000,8604.0,33604.0,True,True,True,True,True
28,2,Poblacion III,Urdaneta City University,18.93,18.6,25.0,2,25000,17037.0,42037.0,False,False,True,True,True
28,3,Poblacion III,Pangasinan State University - Urdaneta City,16.57,16.0,35.0,1,10000,14912.999999999998,24913.0,True,True,True,True,True
28,4,Poblacion III,Pangasinan State University - Asingan,24.91,25.9,40.0,1,10000,22419.0,32419.0,True,True,True,True,True
28,5,Poblacion III,DMMMSU – South La Union Campus (SLUC),35.67,42.4,75.0,1,10000,32103.000000000004,42103.0,False,False,True,True,True
28,6,Poblacion III,DMMMSU – Mid La Union Campus (MLUC),67.46,86.5,55.0,1,10000,60713.99999999999,70714.0,False,False,False,False,True
28,7,Poblacion III,Benguet State University - La Trinidad,69.2,96.0,95.0,1,10000,62280.0,72280.0,False,False,False,False,True
28,8,Poblacion III,Central Luzon State University,89.11,84.2,85.0,1,10000,80199.0,90199.0,False,False,False,False,True
28,9,Poblacion III,Tarlac State University - Tarlac,78.8,68.4,45.0,1,10000,70920.0,80920.0,False,False,False,False,True
28,10,Poblacion III,Pangasinan State University - Lingayen,41.58,67.7,55.0,1,10000,37421.99999999999,47421.99999999999,False,False,False,True,True
28,11,Poblacion III,Pangasinan State University - Bayambang,47.99,58.4,55.0,1,10000,43191.0,53191.0,False,False,False,True,True
28,12,Poblacion III,Saint Louis University - Baguio,64.9,87.7,55.0,3,60000,58410.0,118410.0,False,False,False,False,False
28,13,Poblacion III,University of the Philippines - Baguio,45.6,55.6,55.0,1,10000,41040.0,51040.0,False,False,False,True,True
28,14,Poblacion III,University of Pangasinan - PHINMA,24.63,41.5,55.0,3,60000,22167.0,82167.0,False,False,False,False,True
28,15,Poblacion III,University of the Philippines - Diliman,199.39,166.5,220.0,1,10000,179451.0,189451.0,False,False,False,False,False
28,16,Poblacion III,University of the Philippines - Manila,201.01,170.1,220.0,1,10000,180909.0,190909.0,False,False,False,False,False
28,17,Poblacion III,Univeristy of the Philippines - Open University,198.82,165.1,220.0,1,10000,178937.99999999997,188937.99999999997,False,False,False,False,False
28,18,Poblacion III,Polytechnic University of the Philippines - Manila,199.91,166.4,220.0,1,10000,179919.0,189919.0,False,False,False,False,False
28,19,Poblacion III,Lyceum-Northwestern University,26.56,45.7,55.0,3,60000,23903.999999999996,83904.0,False,False,False,False,True
28,20,Poblacion III,Pangasinan Polytechnic College,41.84,68.0,85.0,2,25000,37656.0,62656.0,False,False,False,False,True
29,1,Poblacion IV,University of Eastern Pangasinan,9.41,11.1,15.0,2,25000,8469.0,33469.0,True,True,True,True,True
29,2,Poblacion IV,Urdaneta City University,18.78,18.9,25.0,2,25000,16902.0,41902.0,False,False,True,True,True
29,3,Poblacion IV,Pangasinan State University - Urdaneta City,16.42,16.3,35.0,1,10000,14778.000000000002,24778.0,True,True,True,True,True
29,4,Poblacion IV,Pangasinan State University - Asingan,24.76,26.2,40.0,1,10000,22284.000000000004,32284.000000000004,True,True,True,True,True
29,5,Poblacion IV,DMMMSU – South La Union Campus (SLUC),35.97,42.9,75.0,1,10000,32373.0,42373.0,False,False,True,True,True
29,6,Poblacion IV,DMMMSU – Mid La Union Campus (MLUC),67.75,87.1,55.0,1,10000,60975.0,70975.0,False,False,False,False,True
29,7,Poblacion IV,Benguet State University - La Trinidad,69.5,96.5,95.0,1,10000,62550.0,72550.0,False,False,False,False,True
29,8,Poblacion IV,Central Luzon State University,88.96,84.5,85.0,1,10000,80063.99999999999,90063.99999999999,False,False,False,False,True
29,9,Poblacion IV,Tarlac State University - Tarlac,78.65,68.7,45.0,1,10000,70785.0,80785.0,False,False,False,False,True
29,10,Poblacion IV,Pangasinan State University - Lingayen,41.29,67.2,55.0,1,10000,37161.0,47161.0,False,False,False,True,True
29,11,Poblacion IV,Pangasinan State University - Bayambang,47.84,58.7,55.0,1,10000,43056.0,53056.0,False,False,False,True,True
29,12,Poblacion IV,Saint Louis University - Baguio,65.2,88.3,55.0,3,60000,58680.0,118680.0,False,False,False,False,False
29,13,Poblacion IV,University of the Philippines - Baguio,45.89,56.1,55.0,1,10000,41301.0,51301.0,False,False,False,True,True
29,14,Poblacion IV,University of Pangasinan - PHINMA,24.33,41.1,55.0,3,60000,21897.0,81897.0,False,False,False,False,True
29,15,Poblacion IV,University of the Philippines - Diliman,199.24,166.9,220.0,1,10000,179316.0,189316.0,False,False,False,False,False
29,16,Poblacion IV,University of the Philippines - Manila,200.86,170.5,220.0,1,10000,180774.0,190774.0,False,False,False,False,False
29,17,Poblacion IV,Univeristy of the Philippines - Open University,198.66,165.4,220.0,1,10000,178794.0,188794.0,False,False,False,False,False
29,18,Poblacion IV,Polytechnic University of the Philippines - Manila,199.76,166.8,220.0,1,10000,179784.0,189784.0,False,False,False,False,False
29,19,Poblacion IV,Lyceum-Northwestern University,26.26,45.2,55.0,3,60000,23634.000000000004,83634.0,False,False,False,False,True
29,20,Poblacion IV,Pangasinan Polytechnic College,41.55,67.5,85.0,2,25000,37395.0,62395.0,False,False,False,False,True
30,1,Rosario,University of Eastern Pangasinan,5.71,6.0,15.0,2,25000,5139.0,30139.0,True,True,True,True,True
30,2,Rosario,Urdaneta City University,15.08,13.8,25.0,2,25000,13572.000000000002,38572.0,False,True,True,True,True
30,3,Rosario,Pangasinan State University - Urdaneta City,12.72,11.2,35.0,1,10000,11448.0,21448.0,True,True,True,True,True
30,4,Rosario,Pangasinan State University - Asingan,21.06,21.1,40.0,1,10000,18954.0,28954.0,True,True,True,True,True
30,5,Rosario,DMMMSU – South La Union Campus (SLUC),38.9,46.1,75.0,1,10000,35010.0,45010.0,False,False,True,True,True
30,6,Rosario,DMMMSU – Mid La Union Campus (MLUC),70.68,90.3,55.0,1,10000,63612.00000000001,73612.0,False,False,False,False,True
30,7,Rosario,Benguet State University - La Trinidad,72.43,99.7,95.0,1,10000,65187.00000000001,75187.0,False,False,False,False,True
30,8,Rosario,Central Luzon State University,85.26,79.4,85.0,1,10000,76734.0,86734.0,False,False,False,False,True
30,9,Rosario,Tarlac State University - Tarlac,74.95,63.6,45.0,1,10000,67455.0,77455.0,False,False,False,False,True
30,10,Rosario,Pangasinan State University - Lingayen,55.49,64.2,55.0,1,10000,49941.0,59941.0,False,False,False,False,True
30,11,Rosario,Pangasinan State University - Bayambang,44.14,53.6,55.0,1,10000,39726.0,49726.0,False,False,False,True,True
30,12,Rosario,Saint Louis University - Baguio,68.13,91.5,55.0,3,60000,61316.99999999999,121317.0,False,False,False,False,False
30,13,Rosario,University of the Philippines - Baguio,48.82,59.4,55.0,1,10000,43938.0,53938.0,False,False,False,True,True
30,14,Rosario,University of Pangasinan - PHINMA,41.81,43.2,55.0,3,60000,37629.0,97629.0,False,False,False,False,False
30,15,Rosario,University of the Philippines - Diliman,195.54,161.7,220.0,1,10000,175986.0,185986.0,False,False,False,False,False
30,16,Rosario,University of the Philippines - Manila,197.16,165.3,220.0,1,10000,177444.0,187444.0,False,False,False,False,False
30,17,Rosario,Univeristy of the Philippines - Open University,194.97,160.3,220.0,1,10000,175473.0,185473.0,False,False,False,False,False
30,18,Rosario,Polytechnic University of the Philippines - Manila,196.06,161.7,220.0,1,10000,176454.0,186454.0,False,False,False,False,False
30,19,Rosario,Lyceum-Northwestern University,43.58,45.8,55.0,3,60000,39221.99999999999,99222.0,False,False,False,False,False
30,20,Rosario,Pangasinan Polytechnic College,55.75,64.5,85.0,2,25000,50175.0,75175.0,False,False,False,False,True
31,1,Sugcong,University of Eastern Pangasinan,12.86,16.7,15.0,2,25000,11574.0,36574.0,False,True,True,True,True
31,2,Sugcong,Urdaneta City University,22.23,24.6,25.0,2,25000,20007.0,45007.0,False,False,True,True,True
31,3,Sugcong,Pangasinan State University - Urdaneta City,19.86,22.0,35.0,1,10000,17874.0,27874.0,True,True,True,True,True
31,4,Sugcong,Pangasinan State University - Asingan,28.21,31.9,40.0,1,10000,25389.000000000004,35389.0,False,True,True,True,True
31,5,Sugcong,DMMMSU – South La Union Campus (SLUC),34.2,43.3,75.0,1,10000,30780.0,40780.0,False,False,True,True,True
31,6,Sugcong,DMMMSU – Mid La Union Campus (MLUC),65.98,87.4,55.0,1,10000,59382.00000000001,69382.0,False,False,False,False,True
31,7,Sugcong,Benguet State University - La Trinidad,67.96,98.1,95.0,1,10000,61163.99999999999,71164.0,False,False,False,False,True
31,8,Sugcong,Central Luzon State University,92.41,90.2,85.0,1,10000,83168.99999999999,93168.99999999999,False,False,False,False,False
31,9,Sugcong,Tarlac State University - Tarlac,82.1,74.4,45.0,1,10000,73890.0,83890.0,False,False,False,False,True
31,10,Sugcong,Pangasinan State University - Lingayen,62.64,75.0,55.0,1,10000,56376.0,66376.0,False,False,False,False,True
31,11,Sugcong,Pangasinan State University - Bayambang,51.29,64.4,55.0,1,10000,46161.0,56161.0,False,False,False,False,True
31,12,Sugcong,Saint Louis University - Baguio,63.66,89.8,55.0,3,60000,57293.99999999999,117294.0,False,False,False,False,False
31,13,Sugcong,University of the Philippines - Baguio,44.13,56.5,55.0,1,10000,39717.0,49717.0,False,False,False,True,True
31,14,Sugcong,University of Pangasinan - PHINMA,30.74,49.1,55.0,3,60000,27665.999999999996,87666.0,False,False,False,False,True
31,15,Sugcong,University of the Philippines - Diliman,202.69,172.5,220.0,1,10000,182421.0,192421.0,False,False,False,False,False
31,16,Sugcong,University of the Philippines - Manila,204.31,176.1,220.0,1,10000,183879.0,193879.0,False,False,False,False,False
31,17,Sugcong,Univeristy of the Philippines - Open University,202.11,171.0,220.0,1,10000,181899.0,191899.0,False,False,False,False,False
31,18,Sugcong,Polytechnic University of the Philippines - Manila,203.21,172.4,220.0,1,10000,182889.0,192889.0,False,False,False,False,False
31,19,Sugcong,Lyceum-Northwestern University,32.67,53.3,55.0,3,60000,29403.000000000004,89403.0,False,False,False,False,True
31,20,Sugcong,Pangasinan Polytechnic College,62.9,75.2,85.0,2,25000,56610.0,81610.0,False,False,False,False,True
32,1,Talogtog,University of Eastern Pangasinan,10.74,13.5,15.0,2,25000,9666.0,34666.0,False,True,True,True,True
32,2,Talogtog,Urdaneta City University,20.11,21.4,25.0,2,25000,18099.0,43099.0,False,False,True,True,True
32,3,Talogtog,Pangasinan State University - Urdaneta City,17.75,18.8,35.0,1,10000,15975.0,25975.0,True,True,True,True,True
32,4,Talogtog,Pangasinan State University - Asingan,26.1,28.6,40.0,1,10000,23490.0,33490.0,True,True,True,True,True
32,5,Talogtog,DMMMSU – South La Union Campus (SLUC),36.93,45.2,75.0,1,10000,33237.0,43237.0,False,False,True,True,True
32,6,Talogtog,DMMMSU – Mid La Union Campus (MLUC),68.72,89.3,55.0,1,10000,61848.00000000001,71848.0,False,False,False,False,True
32,7,Talogtog,Benguet State University - La Trinidad,70.46,98.8,95.0,1,10000,63413.99999999999,73414.0,False,False,False,False,True
32,8,Talogtog,Central Luzon State University,90.3,86.9,85.0,1,10000,81270.0,91270.0,False,False,False,False,False
32,9,Talogtog,Tarlac State University - Tarlac,79.99,71.2,45.0,1,10000,71991.0,81991.0,False,False,False,False,True
32,10,Talogtog,Pangasinan State University - Lingayen,39.95,64.8,55.0,1,10000,35955.0,45955.0,False,False,True,True,True
32,11,Talogtog,Pangasinan State University - Bayambang,49.17,61.1,55.0,1,10000,44253.00000000001,54253.00000000001,False,False,False,True,True
32,12,Talogtog,Saint Louis University - Baguio,66.16,90.5,55.0,3,60000,59543.99999999999,119544.0,False,False,False,False,False
32,13,Talogtog,University of the Philippines - Baguio,46.86,58.4,55.0,1,10000,42174.0,52174.0,False,False,False,True,True
32,14,Talogtog,University of Pangasinan - PHINMA,23.0,38.6,55.0,3,60000,20700.0,80700.0,False,False,False,False,True
32,15,Talogtog,University of the Philippines - Diliman,200.57,169.3,220.0,1,10000,180512.99999999997,190512.99999999997,False,False,False,False,False
32,16,Talogtog,University of the Philippines - Manila,202.2,172.9,220.0,1,10000,181980.0,191980.0,False,False,False,False,False
32,17,Talogtog,Univeristy of the Philippines - Open University,200.0,167.8,220.0,1,10000,180000.0,190000.0,False,False,False,False,False
32,18,Talogtog,Polytechnic University of the Philippines - Manila,201.09,169.2,220.0,1,10000,180981.0,190981.0,False,False,False,False,False
32,19,Talogtog,Lyceum-Northwestern University,24.93,42.8,55.0,3,60000,22437.0,82437.0,False,False,False,False,True
32,20,Talogtog,Pangasinan Polytechnic College,40.21,65.0,85.0,2,25000,36189.0,61189.0,False,False,False,False,True
33,1,Tulnac,University of Eastern Pangasinan,12.27,15.5,15.0,2,25000,11042.999999999998,36043.0,False,True,True,True,True
33,2,Tulnac,Urdaneta City University,21.64,23.3,25.0,2,25000,19476.0,44476.0,False,False,True,True,True
33,3,Tulnac,Pangasinan State University - Urdaneta City,19.28,20.7,35.0,1,10000,17352.0,27352.0,True,True,True,True,True
33,4,Tulnac,Pangasinan State University - Asingan,27.63,30.6,40.0,1,10000,24867.0,34867.0,False,True,True,True,True
33,5,Tulnac,DMMMSU – South La Union Campus (SLUC),38.46,47.0,75.0,1,10000,34614.0,44614.0,False,False,True,True,True
33,6,Tulnac,DMMMSU – Mid La Union Campus (MLUC),70.24,91.2,55.0,1,10000,63216.0,73216.0,False,False,False,False,True
33,7,Tulnac,Benguet State University - La Trinidad,71.99,100.6,95.0,1,10000,64791.0,74791.0,False,False,False,False,True
33,8,Tulnac,Central Luzon State University,91.83,88.9,85.0,1,10000,82647.0,92647.0,False,False,False,False,False
33,9,Tulnac,Tarlac State University - Tarlac,81.52,73.1,45.0,1,10000,73368.0,83368.0,False,False,False,False,True
33,10,Tulnac,Pangasinan State University - Lingayen,40.08,64.3,55.0,1,10000,36071.99999999999,46071.99999999999,False,False,True,True,True
33,11,Tulnac,Pangasinan State University - Bayambang,50.7,63.1,55.0,1,10000,45630.0,55630.0,False,False,False,False,True
33,12,Tulnac,Saint Louis University - Baguio,67.69,92.4,55.0,3,60000,60921.0,120921.0,False,False,False,False,False
33,13,Tulnac,University of the Philippines - Baguio,48.38,60.2,55.0,1,10000,43542.0,53542.0,False,False,False,True,True
33,14,Tulnac,University of Pangasinan - PHINMA,23.12,38.2,55.0,3,60000,20808.0,80808.0,False,False,False,False,True
33,15,Tulnac,University of the Philippines - Diliman,202.1,171.2,220.0,1,10000,181890.0,191890.0,False,False,False,False,False
33,16,Tulnac,University of the Philippines - Manila,203.73,174.8,220.0,1,10000,183357.0,193357.0,False,False,False,False,False
33,17,Tulnac,Univeristy of the Philippines - Open University,201.53,169.8,220.0,1,10000,181377.0,191377.0,False,False,False,False,False
33,18,Tulnac,Polytechnic University of the Philippines - Manila,202.62,171.1,220.0,1,10000,182358.0,192358.0,False,False,False,False,False
33,19,Tulnac,Lyceum-Northwestern University,25.05,42.3,55.0,3,60000,22545.0,82545.0,False,False,False,False,True
33,20,Tulnac,Pangasinan Polytechnic College,40.34,64.6,85.0,2,25000,36306.0,61306.0,False,False,False,False,True
34,1,Villegas,University of Eastern Pangasinan,10.12,12.5,15.0,2,25000,9107.999999999998,34108.0,True,True,True,True,True
34,2,Villegas,Urdaneta City University,19.49,20.3,25.0,2,25000,17540.999999999996,42541.0,False,False,True,True,True
34,3,Villegas,Pangasinan State University - Urdaneta City,17.13,17.7,35.0,1,10000,15416.999999999998,25417.0,True,True,True,True,True
34,4,Villegas,Pangasinan State University - Asingan,25.48,27.6,40.0,1,10000,22932.0,32932.0,True,True,True,True,True
34,5,Villegas,DMMMSU – South La Union Campus (SLUC),37.56,46.1,75.0,1,10000,33804.0,43804.0,False,False,True,True,True
34,6,Villegas,DMMMSU – Mid La Union Campus (MLUC),69.34,90.3,55.0,1,10000,62406.00000000001,72406.0,False,False,False,False,True
34,7,Villegas,Benguet State University - La Trinidad,71.09,99.7,95.0,1,10000,63981.00000000001,73981.0,False,False,False,False,True
34,8,Villegas,Central Luzon State University,89.68,85.9,85.0,1,10000,80712.0,90712.0,False,False,False,False,False
34,9,Villegas,Tarlac State University - Tarlac,79.37,70.1,45.0,1,10000,71433.0,81433.0,False,False,False,False,True
34,10,Villegas,Pangasinan State University - Lingayen,59.9,70.7,55.0,1,10000,53910.0,63910.0,False,False,False,False,True
34,11,Villegas,Pangasinan State University - Bayambang,48.55,60.1,55.0,1,10000,43695.0,53695.0,False,False,False,True,True
34,12,Villegas,Saint Louis University - Baguio,66.79,91.5,55.0,3,60000,60111.00000000001,120111.0,False,False,False,False,False
34,13,Villegas,University of the Philippines - Baguio,47.48,59.3,55.0,1,10000,42731.99999999999,52731.99999999999,False,False,False,True,True
34,14,Villegas,University of Pangasinan - PHINMA,27.76,46.3,55.0,3,60000,24984.000000000004,84984.0,False,False,False,False,True
34,15,Villegas,University of the Philippines - Diliman,199.95,168.2,220.0,1,10000,179955.0,189955.0,False,False,False,False,False
34,16,Villegas,University of the Philippines - Manila,201.58,171.8,220.0,1,10000,181422.00000000003,191422.00000000003,False,False,False,False,False
34,17,Villegas,Univeristy of the Philippines - Open University,199.38,166.8,220.0,1,10000,179442.0,189442.0,False,False,False,False,False
34,18,Villegas,Polytechnic University of the Philippines - Manila,200.47,168.1,220.0,1,10000,180423.0,190423.0,False,False,False,False,False
34,19,Villegas,Lyceum-Northwestern University,29.69,50.5,55.0,3,60000,26721.000000000004,86721.0,False,False,False,False,True
34,20,Villegas,Pangasinan Polytechnic College,60.17,70.9,85.0,2,25000,54153.00000000001,79153.0,False,False,False,False,True
